mstar,z5_smf,z6_smf,z7_smf,z7_smf.1,z9_smf,z10_smf
5,1.7941755124428,7.64562845963107,0.56991638241677,0.56991638241677,0.552334225373779,0.0539761563443052
5.01,1.76548858586376,7.49226502579425,0.559256493216901,0.559256493216901,0.539761165860719,0.0527474701705598
5.02,1.73726033121438,7.34197788159206,0.548795986706002,0.548795986706002,0.527474304123561,0.0515467523087309
5.03,1.70948341483557,7.19470532021861,0.538531133615039,0.538531133615039,0.515467125505574,0.0503733661223148
5.04,1.68215062032535,7.05038687263488,0.528458274427461,0.528458274427461,0.503733263641724,0.049226689466424
5.05,1.65525484666396,6.90896328274053,0.518573818074536,0.518573818074536,0.492266497083134,0.0481061143579173
5.06,1.62878910636912,6.77037648304377,0.508874240655108,0.508874240655108,0.481060745998392,0.0470110466530398
5.07,1.60274652368064,6.63456957081923,0.499356084179282,0.499356084179282,0.470110068949948,0.0459409057323992
5.08,1.5771203327741,6.50148678474417,0.490015955335622,0.490015955335622,0.459408659743884,0.0448951241931147
5.09,1.55190387600314,6.37107348200317,0.480850524281397,0.480850524281397,0.448950844351386,0.0438731475479714
5.1,1.52709060216977,6.24327611585225,0.471856523455459,0.471856523455459,0.438731077900309,0.0428744339314246
5.11,1.50267406482242,6.11804221363291,0.463030746413324,0.463030746413324,0.428743941735205,0.0418984538122952
5.12,1.4786479205811,5.99532035522723,0.454370046684045,0.454370046684045,0.418984140544285,0.0409446897130056
5.13,1.45500592748948,5.87506015194513,0.445871336648459,0.445871336648459,0.409446499551771,0.0400126359352058
5.14,1.43174194339315,5.75721222583514,0.43753158643842,0.43753158643842,0.400125961774163,0.0391017982916454
5.15,1.40884992434398,5.6417281894101,0.429347822856621,0.429347822856621,0.391017585338958,0.0382116938441496
5.16,1.38632392302984,5.52856062577971,0.421317128316623,0.421317128316623,0.38211654086441,0.0373418506475583
5.17,1.36415808722956,5.41766306918134,0.413436639802696,0.413436639802696,0.373418108898916,0.0364918074994951
5.18,1.34234665829247,5.30898998590162,0.405703547849135,0.405703547849135,0.364917677418711,0.0356611136958311
5.19,1.32088396964235,5.20249675558057,0.398115095538649,0.398115095538649,0.356610739382509,0.034849328791716
5.2,1.29976444530526,5.09813965289082,0.390668577519501,0.390668577519501,0.348492890341807,0.0340560223680486
5.21,1.2789825984609,4.99587582958426,0.38336133904101,0.38336133904101,0.340559826105592,0.0332807738032623
5.22,1.25853303001712,4.89566329689885,0.376190775007117,0.376190775007117,0.332807340458199,0.0325231720503065
5.23,1.2384104272073,4.79746090831835,0.369154329047637,0.369154329047637,0.32523132292912,0.0317828154187036
5.24,1.21860956221005,4.70122834267787,0.362249492606886,0.362249492606886,0.317827756613583,0.0310593113615678
5.25,1.19912529079104,4.6069260876082,0.355473804049358,0.355473804049358,0.310592716042729,0.0303522762674714
5.26,1.17995255096656,4.5145154233124,0.348824847782125,0.348824847782125,0.30352236510228,0.0296613352570487
5.27,1.16108636168839,4.42395840666764,0.342300253393654,0.342300253393654,0.296612954998579,0.0289861219842303
5.28,1.14252182154974,4.33521785564606,0.335897694808732,0.335897694808732,0.289860822270934,0.0283262784420014
5.29,1.12425410751189,4.24825733404813,0.329614889459196,0.329614889459196,0.283262386849197,0.0276814547725819
5.3,1.10627847365117,4.16304113654209,0.323449597470176,0.323449597470176,0.276814150155567,0.0270513090819271
5.31,1.08859024992594,4.07953427400371,0.317399620861551,0.317399620861551,0.270512693249597,0.0264355072584508
5.32,1.07118484096335,3.99770245914989,0.311462802764355,0.311462802764355,0.264354675015424,0.0258337227958749
5.33,1.05405772486547,3.91751209246064,0.305637026651827,0.305637026651827,0.258336830390271,0.0252456366201121
5.34,1.0372044520345,3.8389302483833,0.299920215584847,0.299920215584847,0.252455968633261,0.0246709369200876
5.35,1.02062064401677,3.76192466181352,0.294310331471487,0.294310331471487,0.24670897163365,0.0241093189824134
5.36,1.0043019923652,3.68646371484746,0.288805374340411,0.288805374340411,0.241092792257555,0.023560485029825
5.37,0.988244257520038,3.61251642379973,0.283403381627866,0.283403381627866,0.235604452732335,0.0230241440632962
5.38,0.972443267707358,3.54005242648164,0.278102427478007,0.278102427478007,0.230241043067726,0.0225000117077472
5.39,0.956894917855273,3.46904196973474,0.272900622056307,0.272900622056307,0.22499971951293,0.0219878100612653
5.4,0.94159516852744,3.39945589721435,0.267796110875817,0.267796110875817,0.219877703048822,0.0214872675477577
5.41,0.926540044873617,3.33126563741823,0.262787074136021,0.262787074136021,0.214872277914474,0.0209981187729585
5.42,0.911725635597002,3.26444319195523,0.257871726074056,0.257871726074056,0.209980790167225,0.0205201043837125
5.43,0.897148091938086,3.19896112404942,0.253048314328072,0.253048314328072,0.205200646275527,0.0200529709304632
5.44,0.882803626674747,3.13479254727471,0.248315119312497,0.248315119312497,0.200529311743813,0.0195964707328705
5.45,0.86868851313834,3.07191111451548,0.243670453604987,0.243670453604987,0.195964309768684,0.0191503617484872
5.46,0.854799084245511,3.01029100714863,0.239112661344842,0.239112661344842,0.191503219925666,0.0187144074444248
5.47,0.841131731545492,2.94990692444264,0.234640117642678,0.234640117642678,0.187143676885877,0.0182883766719407
5.48,0.827682904282634,2.89073407316925,0.230251228001132,0.230251228001132,0.18288336916189,0.0178720435438801
5.49,0.814449108473926,2.83274815742357,0.225944427746415,0.225944427746415,0.178720037882159,0.0174651873149079
5.5,0.801426906001261,2.77592536864833,0.221718181470481,0.221718181470481,0.174651475593331,0.0170675922644659
5.51,0.788612913718216,2.72024237585822,0.217570982483648,0.217570982483648,0.170675525089827,0.0166790475823956
5.52,0.776003802571121,2.6656763160604,0.21350135227744,0.21350135227744,0.166790078270061,0.0162993472571637
5.53,0.76359629673417,2.61220478486711,0.209507839997488,0.209507839997488,0.1629930750187,0.0159282899666316
5.54,0.751387172758371,2.55980582729656,0.205589021926286,0.205589021926286,0.159282502114361,0.0155656789713126
5.55,0.739373258734096,2.50845792875837,0.201743500975618,0.201743500975618,0.155656392162175,0.0152113220100571
5.56,0.727551433467021,2.45814000621985,0.197969906188486,0.197969906188486,0.152112822550647,0.0148650311981138
5.57,0.71591862566725,2.40883139954943,0.194266892250348,0.194266892250348,0.148649914432265,0.0145266229275106
5.58,0.704471813151392,2.36051186303378,0.190633139009499,0.190633139009499,0.145265831727308,0.0141959177697029
5.59,0.693208022057407,2.31316155706505,0.187067351006424,0.187067351006424,0.141958780150332,0.0138727403804387
5.6,0.682124326072,2.26676103999484,0.183568257011956,0.183568257011956,0.138727006258816,0.0135569194067885
5.61,0.671217845670364,2.22129126015164,0.180134609574067,0.180134609574067,0.135568796523466,0.0132482873962916
5.62,0.660485747368092,2.17673354801833,0.17676518457314,0.17676518457314,0.132482476419677,0.0129466807081709
5.63,0.649925242985037,2.13306960856658,0.173458780785559,0.173458780785559,0.129466409539677,0.0126519394265681
5.64,0.639533588920944,2.09028151374507,0.170214219455458,0.170214219455458,0.126518996724883,0.0123639072757542
5.65,0.629308085442672,2.04835169511836,0.167030343874484,0.167030343874484,0.123638675218008,0.0120824315372705
5.66,0.619246075982808,2.00726293665339,0.163906018969423,0.163906018969423,0.120823917834464,0.0118073629689545
5.67,0.609344946449486,1.96699836765072,0.160840130897526,0.160840130897526,0.118073232152628,0.0115385557258104
5.68,0.59960212454726,1.9275414558175,0.157831586649423,0.157831586649423,0.115385159722541,0.0112758672826798
5.69,0.590015079108818,1.88887600047949,0.154879313659444,0.154879313659444,0.11275827529262,0.011019158358673
5.7,0.580581319437395,1.85098612592912,0.151982259423249,0.151982259423249,0.110191186053971,0.0107682928433207
5.71,0.571298394659686,1.81385627490705,0.14913939112259,0.14913939112259,0.107682530901898,0.0105231377244059
5.72,0.562163893089118,1.7774712022145,0.146349695257108,0.146349695257108,0.105230979714235,0.0102835630174396
5.73,0.553175441599296,1.74181596845361,0.143612177283007,0.143612177283007,0.102835232646091,0.010049441696741
5.74,0.544330705007469,1.70687593389352,0.14092586125849,0.14092586125849,0.100494019440659,0.00982064962808692
5.75,0.535627385467851,1.6726367524593,0.138289789495822,0.138289789495822,0.0982060987557095,0.00959706550289415
5.76,0.527063221874646,1.63908436584164,0.135703022219913,0.135703022219913,0.0959702575054096,0.00937857077390001
5.77,0.518635989274613,1.60620499772453,0.133164637233271,0.133164637233271,0.093785310217134,0.00916504959230707
5.78,0.510343498289031,1.57398514812887,0.130673729587233,0.130673729587233,0.0916500984029089,0.00895638874635854
5.79,0.502183594544898,1.54241158786942,0.128229411259342,0.128229411259342,0.0895634899451681,0.00875247760131198
5.8,0.494154158115231,1.51147135312302,0.125830810836754,0.125830810836754,0.0875243784964875,0.0085532080407792
5.81,0.486253102968307,1.48115174010573,0.123477073205579,0.123477073205579,0.0855316828929859,0.00835847440940152
5.82,0.478478376425723,1.45144029985672,0.121167359246014,0.121167359246014,0.0835843465810783,0.00816817345683003
5.83,0.470827958629103,1.42232483312684,0.118900845533198,0.118900845533198,0.0816813370572759,0.00798220428298072
5.84,0.463299862015353,1.39379338536972,0.116676724043644,0.116676724043644,0.0798216453207398,0.00780046828453602
5.85,0.455892130800286,1.36583424183323,0.11449420186718,0.11449420186718,0.0780042853382955,0.007622869102664
5.86,0.448602840470516,1.33843592274958,0.112352500924259,0.112352500924259,0.0762282935216244,0.00744931257192761
5.87,0.441430097283474,1.31158717862176,0.110250857688573,0.110250857688573,0.0744927282163575,0.00727970667035698
5.88,0.434372037775412,1.28527698560457,0.108188522914846,0.108188522914846,0.0727966692027971,0.00711396147065809
5.89,0.427426828277281,1.25949454097833,0.10616476137172,0.10616476137172,0.0711392172080041,0.00695198909253217
5.9,0.420592664438347,1.23422925871333,0.104178851579636,0.104178851579636,0.0695194934289916,0.00679370365608035
5.91,0.413867770757422,1.20947076512334,0.102230085553624,0.102230085553624,0.0679366390667728,0.00663902123626911
5.92,0.407250400121592,1.18520889460615,0.100317768550898,0.100317768550898,0.0663898148710132,0.00648785981843197
5.93,0.400738833352317,1.16143368546974,0.0984412188231678,0.0984412188231678,0.0648782006950493,0.00634013925478434
5.94,0.394331378758796,1.13813537584202,0.0965997673735973,0.0965997673735973,0.0634009950610366,0.00619578122192805
5.95,0.388026371698467,1.11530439966272,0.0947927577182947,0.0947927577182947,0.0619574147349948,0.0060547091793233
5.96,0.381822174144531,1.09293138275556,0.0930195456522718,0.0930195456522718,0.060546694311527,0.00591684832870577
5.97,0.375717174260401,1.07100713897938,0.0912794990197778,0.0912794990197778,0.0591680858079915,0.00578212557442766
5.98,0.369709785980943,1.04952266645626,0.0895719974889299,0.0895719974889299,0.0578208582679116,0.00565046948470137
5.99,0.363798448600428,1.02846914387553,0.0878964323305593,0.0878964323305593,0.056504297373413,0.00552181025372549
6,0.357981626367052,1.0078379268717,0.0862522062011918,0.0862522062011918,0.0552177050664827,0.00539607966467271
6.01,0.352257808083959,0.987620544475216,0.0846387329300907,0.0846387329300907,0.0539603991788493,0.00527321105352049
6.02,0.346625506716629,0.967808695634294,0.0830554373102799,0.0830554373102799,0.0527317130702889,0.00515313927370484
6.03,0.341083259006552,0.94839424580659,0.0815017548934774,0.0815017548934774,0.051530995275163,0.00503580066157873
6.04,0.335629625091073,0.929369223619211,0.0799771317888643,0.0799771317888643,0.0503576091570034,0.00492113300265689
6.05,0.33026318812932,0.910725817595717,0.0784810244656167,0.0784810244656167,0.0492109325709585,0.00480907549862873
6.06,0.324982553934109,0.892456372948789,0.0770128995591317,0.0770128995591317,0.0480903575339243,0.00469956873512235
6.07,0.319786350609741,0.874553388437232,0.0755722336808784,0.0755722336808784,0.0469952899021836,0.00459255465020226
6.08,0.314673228195577,0.857009513286007,0.0741585132318038,0.0741585132318038,0.0459251490563831,0.00448797650358412
6.09,0.309641858315331,0.839817544168063,0.0727712342192301,0.0727712342192301,0.0448793675936814,0.00438577884655035
6.1,0.30469093383195,0.822970422246698,0.0714099020771767,0.0714099020771767,0.0438573910269042,0.00428590749255042
6.11,0.299819168508028,0.806461230277252,0.070074031490042,0.070074031490042,0.0428586774905484,0.00418830948847049
6.12,0.295025296671643,0.790283189766936,0.0687631462195846,0.0687631462195846,0.0418826974534776,0.00409293308655694
6.13,0.290308072887536,0.774429658191626,0.0674767789351387,0.0674767789351387,0.0409289334381572,0.00399972771697902
6.14,0.285666271633547,0.758894126268492,0.0662144710470064,0.0662144710470064,0.0399968797462819,0.00390864396101603
6.15,0.281098686982233,0.743670215283338,0.0649757725429668,0.0649757725429668,0.039086042190647,0.00381963352485495
6.16,0.276604132287561,0.728751674471535,0.0637602418278413,0.0637602418278413,0.0381959378331241,0.00373264921398431
6.17,0.272181439876627,0.71413237845151,0.0625674455660613,0.0625674455660613,0.0373260947286008,0.00364764490817112
6.18,0.267829460746292,0.699806324709705,0.0613969585271793,0.0613969585271793,0.0364760516747494,0.00356457553700726
6.19,0.263547064264674,0.685767631135988,0.0602483634342709,0.0602483634342709,0.035645357967491,0.00348339705601259
6.2,0.259333137877413,0.672010533608496,0.0591212508151706,0.0591212508151706,0.0348335731620263,0.00340406642328195
6.21,0.25518658681863,0.658529383626937,0.0580152188564922,0.0580152188564922,0.0340402668393064,0.0033265415766638
6.22,0.251106333826508,0.645318645993343,0.0569298732603773,0.0569298732603773,0.0332650183778181,0.0032507814114583
6.23,0.247091318863421,0.632372896539366,0.0558648271039251,0.0558648271039251,0.0325074167305655,0.00317674575862303
6.24,0.243140498840542,0.619686819899149,0.0548197007012503,0.0548197007012503,0.0317670602071272,0.00310439536347489
6.25,0.239252847346845,0.607255207326876,0.0537941214681217,0.0537941214681217,0.0310435562606745,0.00303369186487669
6.26,0.235427354382447,0.595072954558095,0.052787723789132,0.052787723789132,0.0303365212798383,0.0029645977748976
6.27,0.231663026096213,0.583135059713946,0.051800148887353,0.051800148887353,0.029645580385313,0.00289707645893654
6.28,0.227958884527553,0.571436621247423,0.0508310446964274,0.0508310446964274,0.0289703672310904,0.00283109211629801
6.29,0.224313967352352,0.559972835930838,0.0498800657350547,0.0498800657350547,0.0283105238102188,0.00276660976121015
6.3,0.220727327632959,0.548738996883641,0.0489468729838233,0.0489468729838233,0.0276657002649821,0.00270359520427476
6.31,0.217198033572171,0.537730491639815,0.0480311337643466,0.0480311337643466,0.0270355547014014,0.00264201503433963
6.32,0.21372516827116,0.526942800254031,0.0471325216206608,0.0471325216206608,0.0264197530079578,0.00258183660078356
6.33,0.210307829491258,0.516371493445784,0.0462507162028398,0.0462507162028398,0.0258179686784423,0.00252302799620451
6.34,0.20694512941956,0.506012230780767,0.0453854031527871,0.0453854031527871,0.0252298826388376,0.0024655580395019
6.35,0.203636194438273,0.495860758888718,0.0445362739921649,0.0445362739921649,0.0246551830781414,0.00240939625934396
6.36,0.200380164897749,0.485912909717017,0.0437030260124183,0.0437030260124183,0.0240935652830392,0.00235451287801146
6.37,0.19717619489315,0.476164598819312,0.0428853621668569,0.0428853621668569,0.0235447314763422,0.00230087879560915
6.38,0.194023452044685,0.466611823678475,0.0420829909647548,0.0420829909647548,0.0230083906591013,0.00224846557463658
6.39,0.190921117281358,0.457250662063195,0.0412956263674315,0.0412956263674315,0.0224842584563156,0.00219724542491021
6.4,0.187868384628175,0.448077270417544,0.0405229876862766,0.0405229876862766,0.0219720569661536,0.00214719118882868
6.41,0.184864460996753,0.439087882282832,0.0397647994826816,0.0397647994826816,0.0214715146126052,0.00209827632697344
6.42,0.181908565979277,0.43027880675113,0.0390207914698433,0.0390207914698433,0.0209823660014889,0.00205047490403727
6.43,0.178999931645753,0.42164642694981,0.0382906984164044,0.0382906984164044,0.0205043517797363,0.00200376157507299
6.44,0.1761378023445,0.413187198556481,0.0375742600518959,0.0375742600518959,0.0200372184978797,0.00195811157205523
6.45,0.17332143450583,0.404897648343716,0.0368712209739482,0.0368712209739482,0.0195807184756695,0.00191350069074813
6.46,0.170550096448876,0.396774372752973,0.0361813305572381,0.0361813305572381,0.0191346096707514,0.00186990527787193
6.47,0.1678230681915,0.388814036497113,0.0355043428641383,0.0355043428641383,0.0186986555503318,0.00182730221856162
6.48,0.165139641263241,0.381013371190955,0.0348400165570384,0.0348400165570384,0.0182726249657655,0.00178566892411124
6.49,0.162499118521258,0.373369174009306,0.0341881148123063,0.0341881148123063,0.017856292029997,0.00174498331999697
6.5,0.159900813969213,0.365878306371898,0.0335484052358577,0.0335484052358577,0.0174494359977929,0.00170522383417295
6.51,0.157344052579051,0.358537692654714,0.0329206597803062,0.0329206597803062,0.0170518411486993,0.00166636938563349
6.52,0.154828170115628,0.351344318927153,0.0323046546636619,0.0323046546636619,0.0166632966726642,0.00162839937323566
6.53,0.152352512964143,0.344295231714536,0.0317001702895513,0.0317001702895513,0.0162835965582631,0.00159129366477626
6.54,0.149916437960335,0.337387536785434,0.0311069911689293,0.0311069911689293,0.0159125394834693,0.00155503258631751
6.55,0.147519312223385,0.330618397963306,0.0305249058432555,0.0305249058432555,0.0155499287089099,0.00151959691175561
6.56,0.145160512991496,0.323985035961997,0.0299537068091067,0.0299537068091067,0.0151955719735522,0.00148496785262682
6.57,0.142839427460103,0.317484727244577,0.0293931904442013,0.0293931904442013,0.0148492813927645,0.0014511270481456
6.58,0.140555452622664,0.311114802905077,0.0288431569348049,0.0288431569348049,0.0145108733586968,0.00141805655546946
6.59,0.138307995114004,0.304872647572655,0.0283034102044958,0.0283034102044958,0.0141801684429298,0.0013857388401854
6.6,0.136096471056157,0.298755698337747,0.0277737578442617,0.0277737578442617,0.0138569913013394,0.00135415676701298
6.61,0.133920305906677,0.29276144369975,0.0272540110439045,0.0272540110439045,0.0135411705811271,0.00132329359071893
6.62,0.131778934309374,0.286887422535822,0.0267439845247273,0.0267439845247273,0.0132325388299664,0.00129313294723862
6.63,0.129671799947433,0.281131223090358,0.0262434964734815,0.0262434964734815,0.012930932407217,0.00126365884499962
6.64,0.127598355398885,0.275490481984747,0.0257523684775486,0.0257523684775486,0.0126361913971612,0.00123485565644275
6.65,0.125558061994391,0.269962883246981,0.0252704254613344,0.0252704254613344,0.0123481595242136,0.00120670810973615
6.66,0.123550389677292,0.264546157360734,0.0247974956238535,0.0247974956238535,0.0120666840700622,0.00117920128067793
6.67,0.121574816865904,0.259238080333516,0.0243334103774803,0.0243334103774803,0.011791615792695,0.00115232058478319
6.68,0.119630830318014,0.254036472783519,0.0238780042878465,0.0238780042878465,0.0115228088472699,0.00112605176955111
6.69,0.117717924997537,0.248939199044777,0.0234311150148621,0.0234311150148621,0.011260120708786,0.0011003809069081
6.7,0.11583560394331,0.243944166290276,0.0229925832548399,0.0229925832548399,0.0110034120965145,0.00107529438582294
6.71,0.113983378139985,0.239049323672658,0.0225622526837027,0.0225622526837027,0.0107525469001509,0.00105077890509005
6.72,0.112160766390981,0.234252661482154,0.0221399699012518,0.0221399699012518,0.0105073921076468,0.00102682146627698
6.73,0.110367295193472,0.229552210321416,0.0217255843764793,0.0217255843764793,0.0102678177346858,0.00100340936683251
6.74,0.108602498615369,0.224946040296893,0.0213189483939023,0.0213189483939023,0.0100336967557634,0.000980530193351556
6.75,0.106865918174278,0.220432260226431,0.0209199170009008,0.0209199170009008,0.00980490503683714,0.000958171814993436
6.76,0.105157102718381,0.216009016862771,0.0205283479560416,0.0205283479560416,0.00958132126950853,0.000936322377049932
6.77,0.10347560830923,0.211674494132616,0.0201441016783676,0.0201441016783676,0.00936282690670396,0.000914970294659767
6.78,0.101820998106416,0.207426912390966,0.0197670411976361,0.0197670411976361,0.00914930609981942,0.000894104246666158
6.79,0.100192842254074,0.203264527690407,0.0193970321054881,0.0193970321054881,0.0089406456372961,0.000873713169614193
6.8,0.0985907177692104,0.199185631065062,0.0190339425075307,0.0190339425075307,0.008736734884594,0.000853786251884833
6.81,0.0970142084318122,0.195188547828899,0.0186776429763153,0.0186776429763153,0.00853746572553214,0.000834312927962452
6.82,0.0954629046767145,0.191271636888121,0.0183280065051963,0.0183280065051963,0.00834273250496389,0.000815282872832862
6.83,0.0939364034871961,0.187433290067341,0.0179849084630516,0.0179849084630516,0.00815243197275719,0.000796685996508854
6.84,0.092434308290277,0.183671931449278,0.0176482265498513,0.0176482265498513,0.00796646322904998,0.000778512438680346
6.85,0.0909562288536896,0.179986016727701,0.0173178407530567,0.0173178407530567,0.00778472767075178,0.000760752563486328
6.86,0.0895017811844975,0.176374032573341,0.0169936333048345,0.0169936333048345,0.00760712893926296,0.000743396954405786
6.87,0.0880705874293353,0.172834496012538,0.0166754886400724,0.0166754886400724,0.00743357286938421,0.000726436409264955
6.88,0.0866622757762428,0.169365953818335,0.0163632933551785,0.0163632933551785,0.00726396743938886,0.000709861935358187
6.89,0.0852764803580698,0.165966981913797,0.0160569361676528,0.0160569361676528,0.00709822272223172,0.000693664744679912
6.9,0.0839128411574246,0.162636184787299,0.0157563078764142,0.0157563078764142,0.00693625083786862,0.000677836249265115
6.91,0.0825710039131424,0.159372194919533,0.0154613013228688,0.0154613013228688,0.00677796590666121,0.000662368056635884
6.92,0.0812506200282492,0.15617367222202,0.0151718113527079,0.0151718113527079,0.00662328400384244,0.000647251965351606
6.93,0.0799513464793974,0.153039303486876,0.0148877347784196,0.0148877347784196,0.00647212311501853,0.000632479960660457
6.94,0.0786728457277494,0.149967801847622,0.0146089703425015,0.0146089703425015,0.00632440309268387,0.000618044210249873
6.95,0.0774147856312857,0.146957906250804,0.0143354186813617,0.0143354186813617,0.00618004561372574,0.000603937060093749
6.96,0.0761768393585159,0.144008380938214,0.0140669822898958,0.0140669822898958,0.00603897413789635,0.000590151030394184
6.97,0.0749586853035682,0.141118014939499,0.0138035654867245,0.0138035654867245,0.00590111386723018,0.000576678811615583
6.98,0.0737600070026375,0.138285621574943,0.0135450743800837,0.0135450743800837,0.00576639170638512,0.000563513260609043
6.99,0.0725804930517691,0.135510037968227,0.0132914168343506,0.0132914168343506,0.00563473622388634,0.000550647396824973
7,0.0714198370259569,0.132790124568963,0.0130425024371975,0.0130425024371975,0.00550607761425236,0.000538074398611898
7.01,0.0702777373995348,0.130124764684796,0.0127982424673589,0.0127982424673589,0.00538034766098329,0.00052578759959954
7.02,0.0691538974678419,0.127512864022907,0.0125585498630017,0.0125585498630017,0.00525747970039148,0.000513780485164216
7.03,0.0680480252701389,0.124953350240699,0.0123233391906875,0.0123233391906875,0.00513740858625559,0.000502046688974694
7.04,0.0669598335137585,0.122445172505507,0.0120925266149152,0.0120925266149152,0.00502007065527922,0.000490579989616688
7.05,0.0658890394994666,0.119987301063127,0.0118660298682324,0.0118660298682324,0.0049054036933357,0.000479374307294175
7.06,0.0648353650480188,0.117578726815011,0.0116437682219076,0.0116437682219076,0.00479334690248139,0.000468423700605806
7.07,0.0637985364278905,0.11521846090394,0.0114256624571493,0.0114256624571493,0.00468384086871981,0.0004577223633947
7.08,0.0627782842841615,0.112905534308005,0.0112116348368642,0.0112116348368642,0.00457682753049951,0.000447264621669939
7.09,0.0617743435685394,0.110638997442733,0.011001609077944,0.011001609077944,0.00447225014792906,0.000437044930598141
7.1,0.0607864534705005,0.108417919771198,0.0107955103240694,0.0107955103240694,0.00437005327269284,0.000427057871563519
7.11,0.0598143573495324,0.106241389421948,0.010593265119024,0.010593265119024,0.00427018271865157,0.000417298149294859
7.12,0.0588578026684596,0.104108512814598,0.0103948013805065,0.0103948013805065,0.0041725855331121,0.000407760589057889
7.13,0.0579165409278355,0.102018414292932,0.0102000483744333,0.0102000483744333,0.00407720996875123,0.000398440133911578
7.14,0.0569903276013826,0.099970235765366,0.0100089366897213,0.0100089366897213,0.00398400545617848,0.000389331842026864
7.15,0.0560789220724664,0.0979631363526254,0.00982139821354256,0.00982139821354256,0.00389292257712364,0.000380430884066444
7.16,0.055182087571583,0.0959962920424815,0.00963736610704203,0.00963736610704203,0.00380391303823446,0.000371732540624182
7.17,0.0542995911148485,0.0940688953514217,0.009456774781509,0.009456774781509,0.00371692964547092,0.000363232199722827
7.18,0.0534312034434699,0.0921801549931028,0.00927955987499459,0.00927955987499459,0.00363192627908227,0.000354925354368673
7.19,0.0525766989641846,0.0903292955534546,0.00910565822936651,0.00910565822936651,0.00354885786915373,0.000346807600161895
7.2,0.0517358556906527,0.0885155571723017,0.00893500786779291,0.00893500786779291,0.00346768037170985,0.000338874632961275
7.21,0.0509084551857857,0.086738195231371,0.00876754797264759,0.00876754797264759,0.00338835074536177,0.000331122246602089
7.22,0.050094282504997,0.0849964800485567,0.00860321886382816,0.00860321886382816,0.00331082692848608,0.00032354633066594
7.23,0.049293126140361,0.08328969657832,0.0084419619774801,0.0084419619774801,0.00323506781692323,0.000316142868301364
7.24,0.0485047779656634,0.081617144118096,0.00828371984511847,0.00828371984511847,0.00316103324218349,0.000308907934094033
7.25,0.0477290331823316,0.0799781360205918,0.00812843607314035,0.00812843607314035,0.00308868395014911,0.000301837691985453
7.26,0.0469656902662289,0.0783719994118542,0.00797605532272038,0.00797605532272038,0.00301798158026124,0.000294928393239032
7.27,0.046214550915299,0.0767980749149939,0.0078265232900824,0.0078265232900824,0.00294888864518064,0.000288176374452448
7.28,0.0454754199980483,0.07525571637945,0.00767978668714,0.00767978668714,0.0028813685109114,0.000281578055615264
7.29,0.0447481055028522,0.0737442906156868,0.00753579322249939,0.00753579322249939,0.00281538537737707,0.00027512993821076
7.3,0.0440324184880703,0.0722631771352107,0.00739449158281728,0.00739449158281728,0.00275090425943898,0.000268828603360965
7.31,0.0433281730329612,0.0708117678958036,0.00725583141450782,0.00725583141450782,0.00268789096834665,0.000262670710013931
7.32,0.0426351861893809,0.0693894670518651,0.0071197633057914,0.0071197633057914,0.00262631209361043,0.00025665299317225
7.33,0.0419532779342538,0.0679956907097639,0.00698623876907939,0.00698623876907939,0.0025661349852868,0.000250772262161916
7.34,0.0412822711228035,0.0666298666880961,0.00685521022368831,0.00685521022368831,0.00250732773666692,0.000245025398940581
7.35,0.0406219914425319,0.0652914342827519,0.00672663097887735,0.00672663097887735,0.00244985916735926,0.000239409356444328
7.36,0.0399722673679333,0.0639798440366961,0.00660045521720316,0.00660045521720316,0.00239369880675732,0.000233921156972076
7.37,0.0393329301159334,0.0626945575143651,0.00647663797818593,0.00647663797818593,0.00233881687788365,0.000228557890606757
7.38,0.03870381360204,0.0614350470805904,0.00635513514228113,0.00635513514228113,0.00228518428160178,0.000223316713672442
7.39,0.0380847543971956,0.060200795683956,0.00623590341515089,0.00623590341515089,0.00223277258118731,0.000218194847226582
7.4,0.0374755916853191,0.058991296644502,0.00611890031222969,0.00611890031222969,0.00218155398725049,0.000213189575586574
7.41,0.0368761672215271,0.0578060534456856,0.00600408414357874,0.00600408414357874,0.0021315013430018,0.000208298244889866
7.42,0.0362863252910223,0.0566445795305167,0.00589141399902357,0.00589141399902357,0.00208258810985307,0.000203518261686843
7.43,0.0357059126686402,0.0555063981017814,0.00578084973356975,0.00578084973356975,0.00203478835334634,0.000198847091565743
7.44,0.0351347785790422,0.0543910419262736,0.00567235195309133,0.00567235195309133,0.00198807672940303,0.000194282257808873
7.45,0.0345727746575444,0.0532980531429532,0.00556588200028696,0.00556588200028696,0.00194242847088614,0.000189821340079422
7.46,0.0340197549115746,0.052226983074953,0.00546140194089879,0.00546140194089879,0.00189781937446838,0.000185461973138157
7.47,0.033475575682743,0.0511773920453552,0.00535887455018903,0.00535887455018903,0.00185422578779916,0.000181201845589345
7.48,0.0329400956095219,0.0501488491966653,0.0052582632996696,0.0052582632996696,0.00181162459696383,0.000177038698655213
7.49,0.0324131755905203,0.0491409323139051,0.00515953234407989,0.00515953234407989,0.00176999321422827,0.000172970324978308
7.5,0.0318946787483465,0.0481532276512558,0.00506264650860815,0.00506264650860815,0.00172930956606259,0.000168994567451131
7.51,0.031384470394048,0.0471853297621777,0.00496757127635194,0.00496757127635194,0.00168955208143738,0.000165109318072397
7.52,0.0308824179921209,0.0462368413329378,0.00487427277601311,0.00487427277601311,0.00165069968038642,0.000161312516829347
7.53,0.0303883911260777,0.0453073730194764,0.0047827177698229,0.0047827177698229,0.00161273176282979,0.000157602150605495
7.54,0.0299022614645662,0.0443965432875469,0.00469287364169305,0.00469287364169305,0.00157562819765135,0.000153976252113242
7.55,0.0294239027280299,0.0435039782560609,0.00460470838558834,0.00460470838558834,0.00153936931202493,0.000150432898850791
7.56,0.0289531906559017,0.0426293115435766,0.00451819059411687,0.00451819059411687,0.00150393588098349,0.000146970212082804
7.57,0.0284900029743218,0.0417721841178665,0.00443328944733356,0.00443328944733356,0.00146930911722569,0.000143586355844267
7.58,0.0280342193643722,0.0409322441485018,0.00434997470175322,0.00434997470175322,0.00143547066115461,0.000140279535967033
7.59,0.0275857214308186,0.0401091468623953,0.00426821667956907,0.00426821667956907,0.00140240257114316,0.000137047999128522
7.6,0.0271443926713524,0.0393025544022404,0.00418798625807302,0.00418798625807302,0.00137008731402114,0.000133890031922083
7.61,0.0267101184463245,0.0385121356877906,0.00410925485927374,0.00410925485927374,0.00133850775577885,0.000130803959948512
7.62,0.0262827859489627,0.0377375662799216,0.00403199443970902,0.00403199443970902,0.00130764715248236,0.000127788146928264
7.63,0.0258622841760657,0.0369785282474204,0.00395617748044872,0.00395617748044872,0.00127748914139555,0.000124840993833861
7.64,0.0254485038991655,0.0362347100364452,0.00388177697728465,0.00388177697728465,0.00124801773230432,0.000121960938042065
7.65,0.0250413376361508,0.0355058063426058,0.00380876643110402,0.00380876643110402,0.0012192172990383,0.000119146452505344
7.66,0.024640679623344,0.0347915179856083,0.00373711983844294,0.00373711983844294,0.00119107257118554,0.000116396044942205
7.67,0.024246425788025,0.0340915517864154,0.0036668116822167,0.0036668116822167,0.00116356862599585,0.000113708257045956
7.68,0.0238584737213943,0.0334056204468702,0.00359781692262334,0.00359781692262334,0.0011366908804685,0.000111081663711485
7.69,0.0234767226519679,0.0327334424317351,0.00353011098821751,0.00353011098821751,0.00111042508362,0.000108514872279643
7.7,0.0231010734193981,0.0320747418530964,0.00346366976715122,0.00346366976715122,0.00108475730892794,0.000106006521798825
7.71,0.0227314284487127,0.0314292483570883,0.00339846959857853,0.00339846959857853,0.00105967394694689,0.000103555282303365
7.72,0.022367691724966,0.0307966970128884,0.00333448726422096,0.00333448726422096,0.00103516169809234,0.000101159854108366
7.73,0.0220097687682952,0.0301768282039406,0.00327169998009075,0.00327169998009075,0.00101120756558903,9.88189671205719e-05
7.74,0.0216575666093758,0.0295693875213598,0.00321008538836891,0.00321008538836891,0.000987798848579718,9.65313801649394e-05
7.75,0.0213109937652687,0.0289741256594745,0.0031496215494353,0.0031496215494353,0.000964923135390908,9.42958803265379e-05
7.76,0.0209699602156545,0.028390798313465,0.00309028693404767,0.00309028693404767,0.000942568296951907,9.21112823074334e-05
7.77,0.0206343773794473,0.0278191660790554,0.0030320604156672,0.0030320604156672,0.000920722480363682,8.99764277982146e-05
7.78,0.0203041580917822,0.0272589943542167,0.00297492126292743,0.00297492126292743,0.000899374102614154,8.78901848638282e-05
7.79,0.0199792165813709,0.026710053242843,0.00291884913224424,0.00291884913224424,0.000878511844436595,8.58514473433982e-05
7.8,0.0196594684482199,0.0261721174603584,0.002863824060564,0.002863824060564,0.000858124644307834,8.38591342637082e-05
7.81,0.0193448306417038,0.0256449662412189,0.00280982645824743,0.00280982645824743,0.000838201692583148,8.19121892660412e-05
7.82,0.0190352214389904,0.0251283832482687,0.00275683710208657,0.00275683710208657,0.000818732425764659,8.00095800460666e-05
7.83,0.0187305604238102,0.0246221564839157,0.00270483712845246,0.00270483712845246,0.000799706520900265,7.81502978064816e-05
7.84,0.0184307684655649,0.0241260782030875,0.00265380802657095,0.00265380802657095,0.000781113890110084,7.63333567221161e-05
7.85,0.0181357676987709,0.0236399448279351,0.00260373163192439,0.00260373163192439,0.000762944675237532,7.4557793417216e-05
7.86,0.0178454815028311,0.0231635568642464,0.00255459011977671,0.00255459011977671,0.000745189242622204,7.28226664546289e-05
7.87,0.0175598344821292,0.0226967188195368,0.00250636599881974,0.00250636599881974,0.000727838177991759,7.11270558366208e-05
7.88,0.0172787524464442,0.0222392391227836,0.0024590421049383,0.0024590421049383,0.00071088228147014,6.94700625170607e-05
7.89,0.017002162391676,0.0217909300457689,0.00241260159509205,0.00241260159509205,0.000694312562699433,6.78508079247101e-05
7.9,0.0167299924808806,0.0213516076260025,0.00236702794131177,0.00236702794131177,0.000678120236072831,6.62684334973712e-05
7.91,0.0164621720256081,0.020921091591189,0.00232230492480801,0.00232230492480801,0.000662296716076131,6.47221002266398e-05
7.92,0.0161986314675385,0.0204992052852114,0.00227841663018997,0.00227841663018997,0.000646833612735318,6.32109882130269e-05
7.93,0.0159393023604124,0.020085775595599,0.00223534743979252,0.00223534743979252,0.000631722727167814,6.173429623121e-05
7.94,0.0156841173522492,0.0196806328824503,0.00219308202810947,0.00219308202810947,0.000616956047235034,6.02912413051847e-05
7.95,0.0154330101678507,0.0192836109087821,0.00215160535633093,0.00215160535633093,0.000602525743293941,5.88810582930906e-05
7.96,0.0151859155915839,0.0188945467722753,0.00211090266698294,0.00211090266698294,0.000588424164045356,5.7502999481493e-05
7.97,0.0149427694504391,0.0185132808383902,0.00207095947866741,0.00207095947866741,0.000574643832476798,5.61563341889023e-05
7.98,0.0147035085973592,0.0181396566748236,0.00203176158090048,0.00203176158090048,0.000561177441897738,5.48403483783237e-05
7.99,0.0144680708948352,0.0177735209872809,0.00199329502904751,0.00199329502904751,0.000548017852065129,5.35543442786299e-05
8,0.014236395198764,0.0174147235565359,0.00195554613935286,0.00195554613935286,0.000535158085397179,5.22976400145571e-05
8.01,0.0140084213425649,0.0170631171767545,0.00191850148406269,0.00191850148406269,0.00052259132327335,5.10695692451269e-05
8.02,0.0137840901215492,0.0167185575950545,0.00188214788663902,0.00188214788663902,0.000510310902418628,4.98694808103032e-05
8.03,0.0135633432775402,0.0163809034522784,0.00184647241706345,0.00184647241706345,0.000498310311370126,4.86967383856967e-05
8.04,0.0133461234837392,0.0160500162249547,0.00181146238722869,0.00181146238722869,0.000486583187024186,4.75507201451338e-05
8.05,0.0131323743298329,0.0157257601684226,0.00177710534641641,0.00177710534641641,0.000475123311262085,4.64308184309083e-05
8.06,0.0129220403073399,0.0154080022610992,0.00174338907685973,0.00174338907685973,0.000463924607652636,4.53364394315477e-05
8.07,0.0127150667951903,0.0150966121498627,0.00171030158938879,0.00171030158938879,0.000452981138229856,4.42670028669144e-05
8.08,0.0125114000455373,0.0147914620965337,0.00167783111915782,0.00167783111915782,0.000442287100344043,4.32219416804817e-05
8.09,0.0123109871697939,0.0144924269254281,0.00164596612145223,0.00164596612145223,0.000431836823584578,4.22007017386178e-05
8.1,0.0121137761248947,0.0141993839719635,0.00161469526757416,0.00161469526757416,0.000421624766772806,4.12027415367199e-05
8.11,0.0119197156997757,0.013912213032296,0.00158400744080511,0.00158400744080511,0.000411645515023418,4.02275319120409e-05
8.12,0.0117287555020718,0.0136307963139678,0.00155389173244414,0.00155389173244414,0.000401893776872767,3.92745557630578e-05
8.13,0.0115408459450259,0.013355018387545,0.0015243374379203,0.0015243374379203,0.000392364381472599,3.83433077752329e-05
8.14,0.0113559382346074,0.0130847661392247,0.00149533405297773,0.00149533405297773,0.000383052275847685,3.74332941530191e-05
8.15,0.0111739843568377,0.0128199287243945,0.00146687126993239,0.00146687126993239,0.000373952522215959,3.6544032357974e-05
8.16,0.0109949370653167,0.0125603975221225,0.00143893897399871,0.00143893897399871,0.000365060295369658,3.56750508528353e-05
8.17,0.0108187498689506,0.0123060660905605,0.00141152723968519,0.00141152723968519,0.000356370880116144,3.48258888514277e-05
8.18,0.010645377019874,0.012056830123243,0.00138462632725738,0.00138462632725738,0.00034787966877701,3.39960960742673e-05
8.19,0.0104747735015669,0.0118125874062616,0.00135822667926719,0.00135822667926719,0.000339582158744158,3.31852325097316e-05
8.2,0.0103068950171604,0.0115732377762994,0.00133231891714721,0.00133231891714721,0.000331473950091549,3.2392868180671e-05
8.21,0.0101416979779304,0.0113386830795075,0.00130689383786877,0.00130689383786877,0.000323550743241349,3.16185829163363e-05
8.22,0.00997913949197398,0.0111088271312062,0.00128194241066271,0.00128194241066271,0.000315808336683252,3.08619661295019e-05
8.23,0.0098191773530685,0.0108835756763948,0.00125745577380146,0.00125745577380146,0.00030824262474574,3.01226165986652e-05
8.24,0.00966177002970739,0.0106628363510544,0.00123342523144155,0.00123342523144155,0.000300849595418122,2.94001422552085e-05
8.25,0.00950687665431206,0.0104465186442262,0.00120984225052516,0.00120984225052516,0.000293625328222184,2.86941599754085e-05
8.26,0.00935445701261607,0.0102345338608513,0.00118669845773985,0.00118669845773985,0.00028656599213232,2.80042953771833e-05
8.27,0.00920447153321908,0.0100267950853561,0.00116398563653517,0.00116398563653517,0.000279667843543039,2.73301826214704e-05
8.28,0.00905688127730776,0.00982321714596829,0.00114169572419524,0.00114169572419524,0.00027292722428277,2.66714642181278e-05
8.29,0.00891164792854129,0.00962371657974887,0.00111982080896622,0.00111982080896622,0.000266340559672913,2.60277908362573e-05
8.3,0.00876873378309813,0.00942821159832567,0.00109835312723757,0.00109835312723757,0.000259904356631083,2.53988211188468e-05
8.31,0.0086281017398826,0.00923662205431506,0.00107728506077622,0.00107728506077622,0.000253615201817589,2.47842215016368e-05
8.32,0.00848971529088743,0.00904886940841677,0.00105660913401253,0.00105660913401253,0.000247469759824092,2.41836660361098e-05
8.33,0.00835353851171081,0.00886487669716954,0.00103631801137721,0.00103631801137721,0.000241464771403542,2.35968362165128e-05
8.34,0.00821953605222497,0.00868456850135357,0.00101640449468814,0.00101640449468814,0.000235597051740423,2.30234208108193e-05
8.35,0.00808767312739391,0.00850787091502722,0.000996861520586224,0.000996861520586224,0.000229863488760379,2.246311569554e-05
8.36,0.00795791550823805,0.00833471151518506,0.000977682158019321,0.000977682158019321,0.000224261041478349,2.19156236942957e-05
8.37,0.00783022951294328,0.00816501933202476,0.000958859605773393,0.000958859605773393,0.000218786738384303,2.13806544200662e-05
8.38,0.0077045819981124,0.00799872481981098,0.000940387190049982,0.000940387190049982,0.000213437675865747,2.0857924121031e-05
8.39,0.00758094035015597,0.00783575982832348,0.000922258362089097,0.000922258362089097,0.000208211016666122,2.03471555299185e-05
8.4,0.00745927247682151,0.00767605757487903,0.000904466695836792,0.000904466695836792,0.000203103988378324,1.98480777167875e-05
8.41,0.00733954679885756,0.00751955261691415,0.00088700588565644,0.00088700588565644,0.000198113881972495,1.93604259451568e-05
8.42,0.00722173224181136,0.00736618082511862,0.000869869744083027,0.000869869744083027,0.000193238050357332,1.88839415314118e-05
8.43,0.00710579822795764,0.007215879357108,0.00085305219961958,0.00085305219961958,0.000188473906974135,1.84183717074088e-05
8.44,0.00699171466835642,0.00706858663162477,0.000836547294574988,0.000836547294574988,0.000183818924422849,1.79634694862071e-05
8.45,0.00687945195503792,0.00692424230325722,0.000820349182942415,0.000820349182942415,0.000179270633119358,1.7518993530855e-05
8.46,0.00676898095331231,0.00678278723766582,0.000804452128317572,0.000804452128317572,0.000174826619983333,1.7084708026161e-05
8.47,0.00666027299420267,0.0066441634873071,0.000788850501856104,0.000788850501856104,0.000170484527155916,1.66603825533813e-05
8.48,0.00655329986699866,0.00650831426764451,0.000773538780269327,0.000773538780269327,0.000166242050746559,1.62457919677563e-05
8.49,0.00644803381192952,0.00637518393383719,0.000758511543857666,0.000758511543857666,0.000162096939608364,1.5840716278832e-05
8.5,0.00634444751295417,0.00624471795789659,0.000743763474581034,0.000743763474581034,0.000158046994141246,1.5444940533501e-05
8.51,0.0062425140906666,0.00611686290630173,0.000729289354165491,0.000729289354165491,0.000154090065122298,1.50582547017014e-05
8.52,0.00614220709531474,0.00599156641806392,0.000715084062245502,0.000715084062245502,0.000150224052562726,1.46804535647118e-05
8.53,0.00604350049993097,0.00586877718323186,0.000701142574541135,0.000701142574541135,0.000146446904590741,1.43113366059836e-05
8.54,0.00594636869357257,0.00574844492182851,0.000687459961069554,0.000687459961069554,0.000142756616359814,1.3950707904452e-05
8.55,0.00585078647467006,0.00563052036321051,0.000674031384390122,0.000674031384390122,0.000139151228981701,1.35983760302663e-05
8.56,0.00575672904448233,0.00551495522584265,0.000660852097882592,0.000660852097882592,0.000135628828483683,1.32541539428887e-05
8.57,0.005664172000656,0.00540170219747799,0.000647917444057641,0.000647917444057641,0.000132187544789446,1.2917858891501e-05
8.58,0.00557309133088809,0.00529071491573636,0.000635222852899246,0.000635222852899246,0.000128825550723055,1.258931231767e-05
8.59,0.00548346340668996,0.0051819479490727,0.000622763840238266,0.000622763840238266,0.000125541061035506,1.22683397602182e-05
8.6,0.00539526497725101,0.00507535677812783,0.000610536006156648,0.000610536006156648,0.000122332331453307,1.19547707622475e-05
8.61,0.00530847316340054,0.00497089777745364,0.000598535033421704,0.000598535033421704,0.000119197657748598,1.16484387802682e-05
8.62,0.00522306545166613,0.00486852819760546,0.00058675668594988,0.00058675668594988,0.000116135374830295,1.13491810953819e-05
8.63,0.00513901968842725,0.00476820614759421,0.000575196807299503,0.000575196807299503,0.000113143855855787,1.10568387264734e-05
8.64,0.00505631407416205,0.00466989057769078,0.000563851319191898,0.000563851319191898,0.000110221511362677,1.07712563453612e-05
8.65,0.00497492715778664,0.00457354126257637,0.000552716220060446,0.000552716220060446,0.000107366788420142,1.0492282193865e-05
8.66,0.0048948378310845,0.00447911878483088,0.000541787583626965,0.000541787583626965,0.000104578169799412,1.02197680027422e-05
8.67,0.00481602532322527,0.00438658451875333,0.000531061557504969,0.000531061557504969,0.000101854173162946,9.95356891245092e-06
8.68,0.00473846919537114,0.00429590061450733,0.000520534361829284,0.000520534361829284,9.91933502718633e-05,9.6935433956972e-06
8.69,0.00466214933536954,0.00420702998258514,0.000510202287911526,0.000510202287911526,9.65942862111925e-05,9.4395531817236e-06
8.7,0.00458704595253077,0.00411993627858396,0.000500061696920966,0.000500061696920966,9.40555986325276e-05,9.19146318229864e-06
8.71,0.00451313957248908,0.00403458388828817,0.00049010901859031,0.00049010901859031,9.15759370136772e-05,8.94914141936703e-06
8.72,0.0044404110321462,0.0039509379130515,0.000480340749945928,0.000480340749945928,8.91539819349094e-05,8.71245895432155e-06
8.73,0.00436884147469551,0.00386896415547283,0.000470753454062066,0.000470753454062066,8.67884443713915e-05,8.48128981885766e-06
8.74,0.00429841234472598,0.00378862910536019,0.000461343758838619,0.000461343758838619,8.44780650014502e-05,8.25551094737415e-06
8.75,0.0042291053834045,0.00370989992597674,0.000452108355801999,0.000452108355801999,8.22216135302695e-05,8.03500211088233e-06
8.76,0.00416090262373516,0.00363274444056341,0.000443043998928681,0.000443043998928681,8.00178880286612e-05,7.81964585238821e-06
8.77,0.00409378638589452,0.00355713111913246,0.000434147503491009,0.000434147503491009,7.78657142865463e-05,7.60932742371237e-06
8.78,0.00402773927264148,0.00348302906552666,0.000425415744924822,0.000425415744924822,7.57639451807962e-05,7.40393472371297e-06
8.79,0.00396274416480067,0.00341040800473872,0.000416845657718535,0.000416845657718535,7.37114600570903e-05,7.20335823787862e-06
8.8,0.00389878421681798,0.00333923827048561,0.000408434234323207,0.000408434234323207,7.17071641254441e-05,7.00749097925712e-06
8.81,0.00383584285238748,0.00326949079303309,0.000400178524083296,0.000400178524083296,6.97499878690935e-05,6.81622843068944e-06
8.82,0.00377390376014808,0.00320113708726494,0.000392075632187615,0.000392075632187615,6.78388864663928e-05,6.62946848831545e-06
8.83,0.00371295088944928,0.00313414924099223,0.000384122718640184,0.000384122718640184,6.59728392254254e-05,6.44711140632192e-06
8.84,0.00365296844618458,0.00306849990349797,0.000376316997250566,0.000376316997250566,6.41508490310087e-05,6.26905974290187e-06
8.85,0.00359394088869168,0.00300416227431203,0.000368655734643339,0.000368655734643339,6.23719418037935e-05,6.09521830739567e-06
8.86,0.00353585292371823,0.00294111009221214,0.000361136249286333,0.000361136249286333,6.06351659711601e-05,5.92549410858509e-06
8.87,0.00347868950245232,0.00287931762444617,0.000353755910537282,0.000353755910537282,5.89395919496207e-05,5.75979630411168e-06
8.88,0.00342243581661638,0.00281875965617136,0.000346512137708555,0.000346512137708555,5.72843116384458e-05,5.59803615099214e-06
8.89,0.00336707729462371,0.00275941148010603,0.000339402399149593,0.000339402399149593,5.56684379242302e-05,5.44012695720258e-06
8.9,0.00331259959779661,0.00270124888638987,0.000332424211346772,0.000332424211346772,5.40911041961383e-05,5.28598403430654e-06
8.91,0.00325898861664498,0.00264424815264809,0.000325575138040289,0.000325575138040289,5.25514638715476e-05,5.13552465109909e-06
8.92,0.0032062304672046,0.00258838603425583,0.000318852789357817,0.000318852789357817,5.10486899318426e-05,4.98866798824287e-06
8.93,0.00315431148743407,0.00253363975479854,0.000312254820964564,0.000312254820964564,4.95819744680962e-05,4.84533509387043e-06
8.94,0.00310321823366944,0.00247998699672453,0.000305778933229444,0.000305778933229444,4.81505282363935e-05,4.70544884012875e-06
8.95,0.00305293747713571,0.00242740589218574,0.000299422870407044,0.000299422870407044,4.6753580222552e-05,4.56893388064212e-06
8.96,0.0030034562005141,0.00237587501406303,0.000293184419835084,0.000293184419835084,4.53903772160005e-05,4.43571660887003e-06
8.97,0.00295476159456454,0.00232537336717236,0.000287061411147085,0.000287061411147085,4.40601833925852e-05,4.30572511733733e-06
8.98,0.00290684105480206,0.00227588037964797,0.000281051715499919,0.000281051715499919,4.2762279906071e-05,4.17888915771434e-06
8.99,0.00285968217822664,0.00222737589449932,0.000275153244815999,0.000275153244815999,4.1495964488121e-05,4.05514010172524e-06
9,0.00281327276010542,0.00217984016133815,0.000269363951039777,0.000269363951039777,4.02605510565328e-05,3.93441090286356e-06
9.01,0.00276760079080643,0.0021332538282722,0.000263681825408311,0.000263681825408311,3.9055369331521e-05,3.81663605889384e-06
9.02,0.00272265445268326,0.00208759793396238,0.000258104897735598,0.000258104897735598,3.78797644598388e-05,3.70175157511936e-06
9.03,0.00267842211700948,0.00204285389983995,0.000252631235710408,0.000252631235710408,3.67330966465361e-05,3.58969492839622e-06
9.04,0.00263489234096247,0.00199900352248074,0.00024725894420737,0.00024725894420737,3.56147407941588e-05,3.48040503187453e-06
9.05,0.00259205386465541,0.00195602896613284,0.000241986164611006,0.000241986164611006,3.45240861491928e-05,3.37382220044762e-06
9.06,0.00254989560821704,0.00191391275539521,0.000236811074152513,0.000236811074152513,3.34605359555746e-05,3.26988811689177e-06
9.07,0.00250840666891823,0.00187263776804367,0.000231731885258968,0.000231731885258968,3.24235071150758e-05,3.16854579867776e-06
9.08,0.00246757631834467,0.00183218722800167,0.000226746844914767,0.000226746844914767,3.14124298543934e-05,3.06973956543768e-06
9.09,0.00242739399961495,0.00179254469845268,0.000221854234035003,0.000221854234035003,3.04267473987699e-05,2.97341500706983e-06
9.1,0.00238784932464331,0.00175369407509153,0.000217052366850565,0.000217052366850565,2.94659156519771e-05,2.87951895246565e-06
9.11,0.00234893207144633,0.00171561957951175,0.000212339590304702,0.000212339590304702,2.85294028825033e-05,2.78799943884262e-06
9.12,0.0023106321814929,0.00167830575272626,0.000207714283460817,0.000207714283460817,2.76166894157851e-05,2.69880568166816e-06
9.13,0.00227293975709679,0.00164173744881869,0.000203174856921262,0.000203174856921262,2.67272673323362e-05,2.61188804515952e-06
9.14,0.00223584505885102,0.00160589982872266,0.000198719752256874,0.000198719752256874,2.5860640171621e-05,2.52719801334531e-06
9.15,0.00219933850310358,0.00157077835412649,0.000194347441447067,0.000194347441447067,2.5016322641541e-05,2.44468816167534e-06
9.16,0.00216341065947366,0.00153635878150072,0.000190056426330203,0.000190056426330203,2.4193840333389e-05,2.36431212916497e-06
9.17,0.00212805224840786,0.00150262715624607,0.000185845238064053,0.000185845238064053,2.33927294421484e-05,2.28602459106163e-06
9.18,0.00209325413877565,0.00146956980695919,0.000181712436596103,0.000181712436596103,2.26125364920087e-05,2.20978123202124e-06
9.19,0.00205900734550361,0.0014371733398141,0.000177656610143497,0.000177656610143497,2.185281806698e-05,2.13553871978285e-06
9.2,0.00202530302724763,0.00140542463305666,0.000173676374682394,0.000173676374682394,2.11131405464936e-05,2.06325467933048e-06
9.21,0.00199213248410266,0.00137431083160996,0.000169770373446515,0.000169770373446515,2.03930798458769e-05,1.99288766753147e-06
9.22,0.00195948715534933,0.00134381934178834,0.00016593727643469,0.00016593727643469,1.96922211616081e-05,1.92439714824171e-06
9.23,0.00192735861723681,0.00131393782611771,0.000162175779927152,0.000162175779927152,1.90101587212456e-05,1.85774346786789e-06
9.24,0.0018957385808015,0.00128465419826013,0.00015848460601042,0.00015848460601042,1.83464955379511e-05,1.79288783137855e-06
9.25,0.00186461888972074,0.00125595661804045,0.000154862502110505,0.000154862502110505,1.77008431695136e-05,1.72979227875502e-06
9.26,0.00183399151820126,0.00122783348657284,0.000151308240534281,0.000151308240534281,1.70728214818045e-05,1.66841966187533e-06
9.27,0.0018038485689016,0.00120027344148528,0.000147820618018788,0.000147820618018788,1.64620584165857e-05,1.60873362182365e-06
9.28,0.0017741822708881,0.0011732653522399,0.000144398455288269,0.000144398455288269,1.58681897636105e-05,1.55069856661901e-06
9.29,0.00174498497762386,0.00114679831554722,0.000141040596618744,0.000141040596618744,1.52908589369549e-05,1.49427964935772e-06
9.3,0.00171624916499019,0.00112086165087224,0.000137745909409905,0.000137745909409905,1.47297167555289e-05,1.43944274676393e-06
9.31,0.00168796742934001,0.0010954448960307,0.000134513283764162,0.000134513283764162,1.41844212277227e-05,1.38615443814464e-06
9.32,0.00166013248558275,0.00107053780287329,0.000131341632072601,0.000131341632072601,1.36546373401468e-05,1.33438198474445e-06
9.33,0.00163273716530017,0.00104613033305626,0.000128229888607689,0.000128229888607689,1.31400368504361e-05,1.28409330949771e-06
9.34,0.0016057744148927,0.00102221265389649,0.000125177009122521,0.000125177009122521,1.26402980840916e-05,1.23525697717507e-06
9.35,0.00157923729375576,0.000998775134309164,0.0001221819704564,0.0001221819704564,1.21551057353413e-05,1.1878421749229e-06
9.36,0.00155311897248565,0.000975808340826464,0.000119243770146579,0.000119243770146579,1.16841506720099e-05,1.14181869319439e-06
9.37,0.00152741273111447,0.000953303033695349,0.00011636142604595,0.00011636142604595,1.12271297443894e-05,1.09715690707174e-06
9.38,0.00150211195737367,0.00093125016305297,0.000113533975946511,0.000113533975946511,1.07837455981191e-05,1.05382775798004e-06
9.39,0.0014772101449858,0.000909640865177776,0.000110760477208387,0.000110760477208387,1.03537064910769e-05,1.01180273579321e-06
9.4,0.00145270089198396,0.000888466458814954,0.000108040006394258,0.000108040006394258,9.93672611430388e-06,9.71053861334137e-07
9.41,0.00142857789905854,0.000867718441574329,0.000105371658908967,0.000105371658908967,9.532523416982e-06,9.31553669270768e-07
9.42,0.00140483496793084,0.000847388486399344,0.000102754548644138,0.000102754548644138,9.14082243549506e-06,8.93275191411372e-07
9.43,0.00138146599975316,0.000827468438105422,0.000100187807627619,0.000100187807627619,8.76135212660985e-06,8.5619194040235e-07
9.44,0.00135846499353492,0.000807950309986253,9.76705856775542e-05,9.76705856775542e-05,8.3938462048191e-06,8.2027789383279e-07
9.45,0.0013358260445944,0.000788826280486459,9.52020500609114e-05,9.52020500609114e-05,8.03804298389598e-06,7.85507478750587e-07
9.46,0.00131354334303571,0.00077008868993912,9.27813851562692e-05,9.27813851562692e-05,7.69368522271332e-06,7.51855556595315e-07
9.47,0.00129161117225066,0.0007517300373668,9.04077921207e-05,9.04077921207e-05,7.36051997539084e-06,7.19297408554068e-07
9.48,0.00127002390744501,0.000733742977344463,8.8080488560544e-05,8.8080488560544e-05,7.03829844583279e-06,6.87808721346324e-07
9.49,0.00124877601418886,0.00071612031692305,8.57987082059215e-05,8.57987082059215e-05,6.72677584673062e-06,6.5736557344517e-07
9.5,0.00122786204699073,0.000698855012612124,8.35617005887831e-05,8.35617005887831e-05,6.42571126310307e-06,6.2794442174193e-07
9.51,0.00120727664789496,0.000681940167420357,8.13687307243385e-05,8.13687307243385e-05,6.13486752045603e-06,5.99522088662251e-07
9.52,0.00118701454510211,0.000665369027952401,7.92190787956819e-05,7.92190787956819e-05,5.85401105764418e-06,5.72075749741678e-07
9.53,0.00116707055161199,0.000649134981560849,7.71120398414452e-05,7.71120398414452e-05,5.5829118045218e-06,5.45582921669227e-07
9.54,0.00114743956388894,0.00063323155355195,7.50469234463124e-05,7.50469234463124e-05,5.32134306447192e-06,5.20021450807702e-07
9.55,0.00112811656054903,0.000617652404443736,7.30230534342197e-05,7.30230534342197e-05,5.06908140190399e-06,4.95369502199544e-07
9.56,0.00110909660106896,0.000602391327275374,7.10397675640948e-05,7.10397675640948e-05,4.82590653481404e-06,4.71605549067416e-07
9.57,0.00109037482451605,0.000587442244966341,6.90964172279542e-05,6.90964172279542e-05,4.59160123249763e-06,4.48708362818326e-07
9.58,0.00107194644829929,0.000572799207724286,6.7192367151219e-05,6.7192367151219e-05,4.36595121850931e-06,4.26657003560467e-07
9.59,0.001053806766941,0.000558456390500265,6.53269950950863e-05,6.53269950950863e-05,4.14874507895823e-06,4.05430811141523e-07
9.6,0.00103595115086869,0.000544408090490177,6.34996915608094e-05,6.34996915608094e-05,3.93977417622829e-06,3.8500939671708e-07
9.61,0.00101837504522704,0.000530648724681186,6.17098594957454e-05,6.17098594957454e-05,3.73883256820781e-06,3.65372634857448e-07
9.62,0.00100107396870943,0.000517172827441896,5.99569140010213e-05,5.99569140010213e-05,3.5457169331082e-06,3.46500656200662e-07
9.63,0.000984043512408976,0.000503975048155217,5.8240282040699e-05,5.8240282040699e-05,3.36022649994773e-06,3.28373840659099e-07
9.64,0.000967279338688512,0.000491050148892617,5.65594021522915e-05,5.65594021522915e-05,3.18216298476637e-06,3.10972811186154e-07
9.65,0.000950777180069492,0.00047839300212878,5.4913724158527e-05,5.4913724158527e-05,3.01133053263368e-06,2.94278428109032e-07
9.66,0.000934532838139305,0.000465998588495389,5.33027088802278e-05,5.33027088802278e-05,2.8475356654984e-06,2.78271784032421e-07
9.67,0.000918542182476857,0.000453861994573044,5.17258278502076e-05,5.17258278502076e-05,2.69058723592132e-06,2.62934199317093e-07
9.68,0.000902801149596081,0.000441978410720157,5.01825630280791e-05,5.01825630280791e-05,2.54029638671892e-06,2.48247218136129e-07
9.69,0.000887305741907122,0.000430343128937753,4.86724065158822e-05,4.86724065158822e-05,2.39647651653311e-06,2.34192605110268e-07
9.7,0.000872052026694935,0.000418951540769132,4.71948602744497e-05,4.71948602744497e-05,2.25894325132774e-06,2.2075234252244e-07
9.71,0.000857036135114976,0.000407799135233291,4.57494358404303e-05,4.57494358404303e-05,2.12751442179619e-06,2.07908628109952e-07
9.72,0.000842254261205841,0.00039688149679116,4.4335654043917e-05,4.4335654043917e-05,2.00201004664868e-06,1.95643873431257e-07
9.73,0.000827702660918438,0.000386194303343509,4.29530447266124e-05,4.29530447266124e-05,1.88225232172715e-06,1.83940702802226e-07
9.74,0.000813377651161612,0.000375733324259661,4.1601146460505e-05,4.1601146460505e-05,1.76806561487873e-06,1.72781952795161e-07
9.75,0.000799275608863808,0.000365494418435888,4.02795062670141e-05,4.02795062670141e-05,1.65927646649531e-06,1.62150672291526e-07
9.76,0.000785392970050659,0.000355473532382631,3.89876793365966e-05,3.89876793365966e-05,1.55571359560693e-06,1.52030123077409e-07
9.77,0.000771726228938177,0.000345666698339518,3.77252287488091e-05,3.77252287488091e-05,1.45720791139224e-06,1.42403780968378e-07
9.78,0.000758271937041343,0.000336070032417272,3.64917251928379e-05,3.64917251928379e-05,1.36359252994628e-06,1.33255337448081e-07
9.79,0.000745026702297858,0.000326679732765604,3.52867466885278e-05,3.52867466885278e-05,1.27470279612082e-06,1.24568701802572e-07
9.8,0.000731987188206787,0.000317492077766141,3.41098783079459e-05,3.41098783079459e-05,1.1903763102269e-06,1.16328003729776e-07
9.81,0.000719150112981959,0.000308503424249588,3.29607118975529e-05,3.29607118975529e-05,1.11045295936424e-06,1.08517596401127e-07
9.82,0.000706512248719769,0.000299710205736188,3.18388458010476e-05,3.18388458010476e-05,1.03477495311487e-06,1.01122059949666e-07
9.83,0.000694070420581278,0.000291108930698694,3.07438845829901e-05,3.07438845829901e-05,9.63186863313035e-07,9.41262053565175e-08
9.84,0.000681821505988313,0.000282696180847021,2.96754387533161e-05,2.96754387533161e-05,8.95535667576716e-07,8.75150787049478e-08
9.85,0.000669762433833398,0.000274468609433784,2.86331244928782e-05,2.86331244928782e-05,8.31670796260432e-07,8.12739657687651e-08
9.86,0.000657890183703274,0.000266422939579974,2.7616563380171e-05,2.7616563380171e-05,7.71444182463633e-07,7.53883968993288e-08
9.87,0.000646201785115789,0.000258555962619997,2.66253821194153e-05,2.66253821194153e-05,7.14710314704301e-07,6.98441521730084e-08
9.88,0.000634694316770014,0.000250864536465421,2.56592122702063e-05,2.56592122702063e-05,6.61326291844605e-07,6.46272667587234e-08
9.89,0.000623364905809262,0.000243345583986678,2.47176899789374e-05,2.47176899789374e-05,6.11151879832373e-07,5.97240364629308e-08
9.9,0.000612210727096947,0.000235996091412147,2.38004557122559e-05,2.38004557122559e-05,5.64049569803021e-07,5.51210234075625e-08
9.91,0.000601229002504945,0.000228813106743918,2.29071539928068e-05,2.29071539928068e-05,5.19884637066967e-07,5.08050617944943e-08
9.92,0.000590417000214357,0.000221793738189716,2.20374331375638e-05,2.20374331375638e-05,4.78525200492351e-07,4.67632637086467e-08
9.93,0.000579772034028429,0.000214935152610403,2.11909449990584e-05,2.11909449990584e-05,4.3984228177865e-07,4.2983024910423e-08
9.94,0.000569291462697433,0.00020823457398255,2.03673447098467e-05,2.03673447098467e-05,4.03709864106285e-07,3.94520305671675e-08
9.95,0.000558972689255348,0.000201689281875612,1.95662904305771e-05,1.95662904305771e-05,3.70004949639588e-07,3.61582608725686e-08
9.96,0.000548813160368075,0.000195296609943259,1.87874431020433e-05,1.87874431020433e-05,3.3860761535605e-07,3.30899965025021e-08
9.97,0.000538810365693108,0.000189053944428514,1.80304662016372e-05,1.80304662016372e-05,3.09401066674523e-07,3.02358238557775e-08
9.98,0.000528961837250333,0.000182958722682295,1.72950255046271e-05,1.72950255046271e-05,2.82271688357583e-07,2.75846400285069e-08
9.99,0.000519265148803898,0.000177008431695137,1.65807888507262e-05,1.65807888507262e-05,2.57109092171207e-07,2.51256574715862e-08
10,0.000509717915254862,0.000171200606641791,1.588742591642e-05,1.588742591642e-05,2.33806160795684e-07,2.28484082818322e-08
10.01,0.000500317792044493,0.000165532829438555,1.52146079935566e-05,1.52146079935566e-05,2.12259087497905e-07,2.07427480789069e-08
10.02,0.000491062474568011,0.000160002727313172,1.45620077747158e-05,1.45620077747158e-05,1.92367411095026e-07,1.87988594220968e-08
10.03,0.000481949697598586,0.000154607971387233,1.39292991458921e-05,1.39292991458921e-05,1.74034045764184e-07,1.70072547234288e-08
10.04,0.00047297723472142,0.000149346275271072,1.3316156987047e-05,1.3316156987047e-05,1.57165305281908e-07,1.53587786164363e-08
10.05,0.000464142897777689,0.000144215393671176,1.27222569810944e-05,1.27222569810944e-05,1.4167092131008e-07,1.38446097431312e-08
10.06,0.000455444536318221,0.000139213121010253,1.21472754319043e-05,1.21472754319043e-05,1.27464055382988e-07,1.24562619254228e-08
10.07,0.000446880037066659,0.000134337290060104,1.15908890919104e-05,1.15908890919104e-05,1.14461304291214e-07,1.11855846912523e-08
10.08,0.00043844732339197,0.000129585770587561,1.10527749999244e-05,1.10527749999244e-05,1.02582698603614e-07,1.00247631301543e-08
10.09,0.000430144354790086,0.000124956468013816,1.05326103297574e-05,1.05326103297574e-05,9.17516941170812e-08,8.96631705769641e-09
10.1,0.000421969126374504,0.000120447322087512,1.00300722502547e-05,1.00300722502547e-05,8.18951560755655e-08,8.0030994733028e-09
10.11,0.000413919668375659,0.000116056305572089,9.54483779734814e-06,9.54483779734814e-06,7.29433360540618e-08,7.12829430127172e-09
10.12,0.000405994045648849,0.000111781422947891,9.07658375872059e-06,9.07658375872059e-06,6.48298414596136e-08,6.33541341029986e-09
10.13,0.000398190357190591,0.000107620709129721,8.62498657167651e-06,8.62498657167651e-06,5.74915976593817e-08,5.61829291249638e-09
10.14,0.000390506735663121,0.000103572228200465,8.18972223478687e-06,8.18972223478687e-06,5.08688028045258e-08,4.97108874860439e-09
10.15,0.000382941346926948,9.96340721616588e-05,7.77046623387107e-06,7.77046623387107e-06,4.49048754779868e-08,4.38827157194746e-09
10.16,0.000375492389581179,9.5804359701784e-05,7.36689348284461e-06,7.36689348284461e-06,3.95463953528843e-08,3.86462094934725e-09
10.17,0.000368158094511478,9.20812349833094e-05,6.97867827994161e-06,6.97867827994161e-06,3.47430371061175e-08,3.39521890291469e-09
10.18,0.000360936724445431,8.84628664494721e-05,6.60549427978315e-06,6.60549427978315e-06,3.04474978876558e-08,2.97544282207907e-09
10.19,0.000353826573515131,8.49474456519322e-05,6.24701448172606e-06,6.24701448172606e-06,2.66154186995549e-08,2.60095778045283e-09
10.2,0.000346825966826776,8.15331861005e-05,5.90291123488294e-06,5.90291123488294e-06,2.32053000890739e-08,2.26770829704922e-09
10.21,0.000339933260037059,7.82183221362058e-05,5.57285626015275e-06,5.57285626015275e-06,2.01784126067719e-08,1.97190958591415e-09
10.22,0.000333146838936184,7.50011078290972e-05,5.25652068955014e-06,5.25652068955014e-06,1.74987025225352e-08,1.71003834234548e-09
10.23,0.000326465119037238,7.18798159021689e-05,4.95357512305472e-06,4.95357512305472e-06,1.51326933294087e-08,1.47882311748079e-09
10.24,0.000319886545171771,6.88527366829767e-05,4.66368970314199e-06,4.66368970314199e-06,1.30493835965593e-08,1.27523433610879e-09
10.25,0.000313409591091301,6.59181770844857e-05,4.38653420707851e-06,4.38653420707851e-06,1.12201417579802e-08,1.09647401502989e-09
10.26,0.000307032759074576,6.30744596168315e-05,4.12177815699181e-06,4.12177815699181e-06,9.6185984425205e-09,9.39965241145863e-10
10.27,0.000300754579540344,6.03199214316971e-05,3.8690909476391e-06,3.8690909476391e-06,8.22053696302504e-09,8.03341469651112e-10
10.28,0.000294573610665398,5.76529134010824e-05,3.6281419917124e-06,3.6281419917124e-06,7.00378258774396e-09,6.84435703222561e-10
10.29,0.00028848843800769,5.50717992322926e-05,3.39860088242512e-06,3.39860088242512e-06,5.94809121558034e-09,5.8126961295054e-10
10.3,0.000282497674134236,5.25749546210045e-05,3.18013757302695e-06,3.18013757302695e-06,5.03503806825404e-09,4.9204266092273e-10
10.31,0.000276599958253625,5.01607664443331e-05,2.97242257279615e-06,2.97242257279615e-06,4.24790699723244e-09,4.15121282885418e-10
10.32,0.000270793955852834,4.78276319958075e-05,2.77512715895073e-06,2.77512715895073e-06,3.57158098154081e-09,3.49028187281957e-10
10.33,0.000265078358338136,4.55739582642231e-05,2.58792360381759e-06,2.58792360381759e-06,2.99243436475094e-09,2.92431824250187e-10
10.34,0.000259451882679839,4.33981612583165e-05,2.41048541648779e-06,2.41048541648779e-06,2.49822734597354e-09,2.44136074889499e-10
10.35,0.000253913271060577,4.12986653792161e-05,2.2424875980787e-06,2.2424875980787e-06,2.07800320116453e-09,2.0307020734433e-10
10.36,0.000248461290526928,3.92739028426054e-05,2.08360690961416e-06,2.08360690961416e-06,1.72198866813137e-09,1.6827914205621e-10
10.37,0.000243094732644042,3.73223131524926e-05,1.93352215142511e-06,1.93352215142511e-06,1.42149788202617e-09,1.38914063982582e-10
10.38,0.000237812413153061,3.54423426284613e-05,1.7919144528684e-06,1.7919144528684e-06,1.16884019862647e-09,1.14223414744717e-10
10.39,0.00023261317163099,3.36324439881802e-05,1.65846757105576e-06,1.65846757105576e-06,9.57232191140095e-10,9.35442926279188e-11
10.4,0.000227495871152798,3.18910759869153e-05,1.53286819718877e-06,1.53286819718877e-06,7.80714053494136e-10,7.62942831997756e-11
10.41,0.000222459397955412,3.02167031156551e-05,1.41480626899885e-06,1.41480626899885e-06,6.34070589903682e-10,6.19637381167286e-11
10.42,0.000217502661103331,2.86077953593835e-05,1.30397528770673e-06,1.30397528770673e-06,5.12756917820095e-10,5.01085145396376e-11
10.43,0.000212624592155563,2.70628280168834e-05,1.20007263783469e-06,1.20007263783469e-06,4.12828959914712e-10,4.03431825517131e-11
10.44,0.000207824144833572,2.55802815833201e-05,1.10279990813531e-06,1.10279990813531e-06,3.3087875132468e-10,3.23347031417859e-11
10.45,0.00020310029468994,2.41586416966829e-05,1.01186321184038e-06,1.01186321184038e-06,2.63974541653381e-10,2.57965747488434e-11
10.46,0.000198452038777402,2.27963991489763e-05,9.26973504384435e-07,9.26973504384435e-07,2.09605627786653e-10,2.04834421194926e-11
10.47,0.000193878395317986,2.14920499628603e-05,8.47846896722551e-07,8.47846896722551e-07,1.65631813974591e-10,1.61861573590399e-11
10.48,0.000189378403371874,2.02440955341926e-05,7.74204962338138e-07,7.74204962338138e-07,1.30237360250048e-10,1.27272795995378e-11
10.49,0.000184951122505723,1.90510428407115e-05,7.05775036030631e-07,7.05775036030631e-07,1.01889249423821e-10,9.95699669522086e-12
10.5,0.000180595632460054,1.79114047168078e-05,6.42290502579216e-07,6.42290502579216e-07,7.92995768097121e-11,7.74944980644949e-12
10.51,0.000176311032815432,1.68237001940776e-05,5.83491073404297e-07,5.83491073404297e-07,6.13918455877033e-11,5.99943965714754e-12
10.52,0.000172096442657059,1.57864549070343e-05,5.29123049388586e-07,5.29123049388586e-07,4.72709342950603e-11,4.61949164624895e-12
10.53,0.000167951000237472,1.47982015630527e-05,4.78939568078426e-07,4.78939568078426e-07,3.61964912336605e-11,3.53725585015338e-12
10.54,0.00016387386263699,1.38574804752876e-05,4.32700833561693e-07,4.32700833561693e-07,2.75595033941068e-11,2.69321725077792e-12
10.55,0.000159864205421563,1.29628401569595e-05,3.90174327411659e-07,3.90174327411659e-07,2.08617845410847e-11,2.03869123491085e-12
10.56,0.000155921222297716,1.2112837975061e-05,3.51134999197224e-07,3.51134999197224e-07,1.56981280302679e-11,1.53407950105076e-12
10.57,0.000152044124764202,1.13060408611538e-05,3.1536543518642e-07,3.1536543518642e-07,1.17408743308789e-11,1.14736194026995e-12
10.58,0.000148232141760055,1.05410260765706e-05,2.82656004014148e-07,2.82656004014148e-07,8.72665066743447e-12,8.52800784649583e-13
10.59,0.000144484519308695,9.81638202895107e-06,2.52804978242952e-07,2.52804978242952e-07,6.44505020138662e-12,6.29834294772375e-13
10.6,0.000140800520157752,9.13070913666505e-06,2.25618630918074e-07,2.25618630918074e-07,4.72903027113563e-12,4.62138439998049e-13
10.61,0.000137179423414279,8.48262073729965e-06,2.00911306402553e-07,2.00911306402553e-07,3.44682292304997e-12,3.36836365444813e-13
10.62,0.000133620524175014,7.87074403601152e-06,1.78505464973193e-07,1.78505464973193e-07,2.49516583849582e-12,2.43836892983553e-13
10.63,0.000130123133151403,7.29372108918789e-06,1.5823170086233e-07,1.5823170086233e-07,1.79367736091237e-12,1.75284827946936e-13
10.64,0.000126686576289039,6.7502098184969e-06,1.39928733640285e-07,1.39928733640285e-07,1.28021525659167e-12,1.25107399957687e-13
10.65,0.000123310194381236,6.23888505008448e-06,1.2344337304834e-07,1.2344337304834e-07,9.07074749624201e-13,8.86427207521942e-14
10.66,0.000119993342676436,5.7584395733463e-06,1.08630457607747e-07,1.08630457607747e-07,6.37896949217912e-13,6.23376641909903e-14
10.67,0.000116735390479176,5.3075852134216e-06,9.53527675458211e-08,9.53527675458211e-08,4.45173780336422e-13,4.35040387938358e-14
10.68,0.000113535720744342,4.88505391128635e-06,8.34809127913381e-08,8.34809127913381e-08,3.08249731172095e-13,3.01233110650994e-14
10.69,0.00011039372966447,4.48959880509525e-06,7.28931969965991e-08,7.28931969965991e-08,2.11733988220578e-13,2.06914334230568e-14
10.7,0.000107308826249861,4.11999530622906e-06,6.3475458739301e-08,6.3475458739301e-08,1.44248733842088e-13,1.40965231786236e-14
10.71,0.000104280431901277,3.77504216334963e-06,5.51208912412791e-08,5.51208912412791e-08,9.74504679524595e-14,9.52322244827048e-15
10.72,0.000101307979975076,3.45356250766207e-06,4.77298421108281e-08,4.77298421108281e-08,6.52711594374481e-14,6.37854064572154e-15
10.73,9.83909153405607e-05,3.15440487251926e-06,4.1209594767856e-08,4.1209594767856e-08,4.33348419333919e-14,4.23484205015473e-15
10.74,9.55286939294563e-05,2.87644418050468e-06,3.54741333450103e-08,3.54741333450103e-08,2.85129782616301e-14,2.78639436375688e-15
10.75,9.27207822773693e-05,2.61858269117159e-06,3.04438929704952e-08,3.04438929704952e-08,1.85885852742276e-14,1.81654574148863e-15
10.76,8.99666570571717e-05,2.37975090272817e-06,2.60454974286356e-08,2.60454974286356e-08,1.200480949517e-14,1.17315466691639e-15
10.77,8.72658046042572e-05,2.15890840112065e-06,2.22114862605191e-08,2.22114862605191e-08,7.67845787367176e-15,7.50367483369326e-16
10.78,8.46177204336634e-05,1.9550446501941e-06,1.88800334087352e-08,1.88800334087352e-08,4.86300745956846e-15,4.75231189527606e-16
10.79,8.20219087490991e-05,1.76717971689806e-06,1.59946595266582e-08,1.59946595266582e-08,3.04893514382616e-15,2.97953290682719e-16
10.8,7.94778819439381e-05,1.59436492585247e-06,1.3503940063892e-08,1.3503940063892e-08,1.89191471589452e-15,1.84884947924616e-16
10.81,7.69851600943223e-05,1.43568343800035e-06,1.1361211205827e-08,1.1361211205827e-08,1.16161031554541e-15,1.1351688365972e-16
10.82,7.45432704445185e-05,1.2902507485389e-06,9.52427568744658e-09,9.52427568744658e-09,7.05533893334554e-16,6.89473981212393e-17
10.83,7.21517468847699e-05,1.15721509984751e-06,7.95511042097371e-09,7.95511042097371e-09,4.2380327533937e-16,4.14156335024617e-17
10.84,6.98101294219056e-05,1.03575780570593e-06,6.6195777751298e-09,6.6195777751298e-09,2.51702586674401e-16,2.45973136309081e-17
10.85,6.75179636430435e-05,9.25093483721331e-07,5.48714222282174e-09,5.48714222282174e-09,1.47765592215243e-16,1.44402036689314e-17
10.86,6.52748001727822e-05,8.24470193551315e-07,4.53059393625206e-09,4.53059393625206e-09,8.57242876721588e-17,8.37729646531569e-18
10.87,6.30801941243267e-05,7.33169479213931e-07,3.72578075638523e-09,3.72578075638523e-09,4.91314182183288e-17,4.80130506012974e-18
10.88,6.09337045450875e-05,6.50506314512383e-07,3.05134980025376e-09,3.05134980025376e-09,2.78110055231778e-17,2.7177949749457e-18
10.89,5.88348938573182e-05,5.7582895135783e-07,2.4884997976916e-09,2.4884997976916e-09,1.55435538131492e-17,1.5189739332139e-18
10.9,5.67833272944795e-05,5.085186715477e-07,2.02074507187984e-09,2.02074507187984e-09,8.57494859021459e-18,8.37975893014025e-19
10.91,5.47785723340387e-05,4.47989443332525e-07,1.63369189860136e-09,1.63369189860136e-09,4.66797628557788e-18,4.56172017280576e-19
10.92,5.28201981275332e-05,3.9368748487947e-07,1.31482780043005e-09,1.31482780043005e-09,2.50672643311124e-18,2.4496663731901e-19
10.93,5.09077749287766e-05,3.45090737500306e-07,1.05332415709331e-09,1.05332415709331e-09,1.32748174252247e-18,1.29726456893224e-19
10.94,4.90408735211767e-05,3.01708252249464e-07,8.39852344702706e-10,8.39852344702706e-10,6.93030600444237e-19,6.77255298015464e-20
10.95,4.72190646452168e-05,2.63079494202682e-07,6.6641345691397e-10,6.6641345691397e-10,3.56561246489317e-19,3.4844492161976e-20
10.96,4.54419184272212e-05,2.28773569389412e-07,5.26181512542379e-10,5.26181512542379e-10,1.80728237910687e-19,1.7661436096408e-20
10.97,4.3709003810634e-05,1.98388379964222e-07,4.13359918570099e-10,4.13359918570099e-10,9.02146083115085e-20,8.81610731159556e-21
10.98,4.20198879910871e-05,1.71549713753674e-07,3.23050836304891e-10,3.23050836304891e-10,4.43334991752615e-20,4.33243455292793e-21
10.99,4.03741358566562e-05,1.47910274800156e-07,2.51136992779346e-10,2.51136992779346e-10,2.14404131976716e-20,2.09523698094369e-21
11,3.8771309434748e-05,1.27148661933158e-07,1.94175389989134e-10,1.94175389989134e-10,1.0200425966283e-20,9.96823592385593e-22
11.01,3.72109673471734e-05,1.08968302728239e-07,1.49302291559157e-10,1.49302291559157e-10,4.77223399776923e-21,4.66360468973084e-22
11.02,3.56926642750195e-05,9.30963504575972e-08,1.14148809800851e-10,1.14148809800851e-10,2.19469312940737e-21,2.14473581463287e-22
11.03,3.42159504350199e-05,7.92825517917566e-08,8.67663754447728e-11,8.67663754447728e-11,9.91747159017045e-22,9.69172237568638e-23
11.04,3.27803710691945e-05,6.72980930766921e-08,6.55613468364886e-11,6.55613468364886e-11,4.40175236549716e-22,4.30155624899411e-23
11.05,3.13854659495908e-05,5.69344329845072e-08,4.92380040345149e-11,4.92380040345149e-11,1.9180767618674e-22,1.87441600434722e-23
11.06,3.00307689000424e-05,4.80021292197207e-08,3.6749174782353e-11,3.6749174782353e-11,8.20230888436598e-23,8.01560153957897e-24
11.07,2.87158073368897e-05,4.03296667594576e-08,2.72537523021903e-11,2.72537523021903e-11,3.44069127166777e-23,3.36237157649153e-24
11.08,2.74401018306907e-05,3.37622948191391e-08,2.00803877161864e-11,2.00803877161864e-11,1.41514192864535e-23,1.38292936560743e-24
11.09,2.62031656909701e-05,2.81608793704982e-08,1.46966710133268e-11,1.46966710133268e-11,5.70426535953189e-24,5.57442042754345e-25
11.1,2.50045045761043e-05,2.34007776032795e-08,1.06831522028625e-11,1.06831522028625e-11,2.25237631036541e-24,2.2011059660882e-25
11.11,2.38436161304628e-05,1.93707402236704e-08,7.71159701720356e-12,7.71159701720356e-12,8.70793182068177e-25,8.50971509271573e-26
11.12,2.27199896509377e-05,1.59718469305368e-08,5.52691771034544e-12,5.52691771034544e-12,3.29464326416358e-25,3.21964802751199e-26
11.13,2.16331057850118e-05,1.31164798149631e-08,3.93226771472759e-12,3.93226771472759e-12,1.21927755124278e-25,1.1915234057503e-26
11.14,2.05824362624877e-05,1.07273387998311e-08,2.77683788012489e-12,2.77683788012489e-12,4.41137490379495e-26,4.31095975157879e-27
11.15,1.95674436630015e-05,8.73650258549013e-09,1.94594059219295e-12,1.94594059219295e-12,1.55953011635888e-26,1.52403087690744e-27
11.16,1.85875812213909e-05,7.08453790580288e-09,1.35301529643158e-12,1.35301529643158e-12,5.38428251535498e-27,5.26172128214646e-28
11.17,1.7642292672951e-05,5.71965923730072e-09,9.33234054023375e-13,9.33234054023375e-13,1.81441489880086e-27,1.77311377336497e-28
11.18,1.67310121405349e-05,4.59694045332619e-09,6.38428123265392e-13,6.38428123265392e-13,5.96451165892723e-28,5.82874279792859e-29
11.19,1.58531640653807e-05,3.6775792850876e-09,4.33095756913214e-13,4.33095756913214e-13,1.91157713974268e-28,1.8680643316848e-29
11.2,1.50081631834388e-05,2.92821485172467e-09,2.91287150645509e-13,2.91287150645509e-13,5.96940015095128e-29,5.83352001428883e-30
11.21,1.41954145488578e-05,2.32029796007642e-09,1.9419463020112e-13,1.9419463020112e-13,1.81521797656981e-29,1.77389857085212e-30
11.22,1.3414313606152e-05,1.82951335898314e-09,1.2830470514813e-13,1.2830470514813e-13,5.37176844682118e-30,5.24949206858965e-31
11.23,1.26642463124066e-05,1.4352526684316e-09,8.39936275367989e-14,8.39936275367989e-14,1.54604137285791e-30,1.51084917469437e-31
11.24,1.19445893107132e-05,1.12013629516414e-09,5.44697362808493e-14,5.44697362808493e-14,4.32472781026974e-31,4.22628498669831e-32
11.25,1.12547101558185e-05,8.69582296483581e-10,3.49843658447592e-14,3.49843658447592e-14,1.17501183532142e-31,1.14826530053969e-32
11.26,1.05939675927632e-05,6.71419864538688e-10,2.22487151477775e-14,2.22487151477775e-14,3.09868010282827e-32,3.02814553231897e-33
11.27,9.9617118890476e-06,5.15544874531033e-10,1.4007098615372e-14,1.4007098615372e-14,7.92612042059634e-33,7.74569989278467e-34
11.28,9.35728522060758e-06,3.93614770948726e-10,8.72773508011547e-15,8.72773508011547e-15,1.96510320379362e-33,1.92037199376664e-34
11.29,8.78002211161278e-06,2.98779953769948e-10,5.38096862843016e-15,5.38096862843016e-15,4.71883727075381e-34,4.61142342061416e-35
11.3,8.22924992780791e-06,2.25448768200945e-10,3.28184361035939e-15,3.28184361035939e-15,1.09669632027417e-34,1.07173246425719e-35
11.31,7.70428942281785e-06,1.69083192628083e-10,1.97954012291368e-15,1.97954012291368e-15,2.4649538916955e-35,2.40884469090472e-36
11.32,7.20445533650886e-06,1.26022355053681e-10,1.18055895185931e-15,1.18055895185931e-15,5.35382065362571e-36,5.23195281704501e-37
11.33,6.72905704417533e-06,9.33310828143619e-11,6.9594243555004e-16,6.9594243555004e-16,1.12280706470363e-36,1.09724885558053e-37
11.34,6.27739925497173e-06,6.86707979664055e-11,4.05418801102629e-16,4.05418801102629e-16,2.27184334199621e-37,2.22012987397934e-38
11.35,5.8487827576612e-06,5.01902053475881e-11,2.33323939511844e-16,2.33323939511844e-16,4.43119563395148e-38,4.33032930683427e-39
11.36,5.44250521139496e-06,3.64333760003438e-11,1.32622341510463e-16,1.32622341510463e-16,8.3245677734902e-39,8.13507747662387e-40
11.37,5.0578619788746e-06,2.62629995771147e-11,7.44303945382449e-17,7.44303945382449e-17,1.50494618772244e-39,1.47068943017792e-40
11.38,4.69414699889454e-06,1.87967600930885e-11,4.12317269310912e-17,4.12317269310912e-17,2.61583409210142e-40,2.55629043864665e-41
11.39,4.35065369489872e-06,1.33549749451274e-11,2.25386884846656e-17,2.25386884846656e-17,4.36748833975237e-41,4.26807216769652e-42
11.4,4.02667591584523e-06,9.41782302446379e-12,1.21536560229608e-17,1.21536560229608e-17,6.99807790081173e-42,6.83878219982154e-43
11.41,3.72150890532688e-06,6.59067016384348e-12,6.4629166756891e-18,6.4629166756891e-18,1.07506543644618e-42,1.05059395945831e-43
11.42,3.43445029457939e-06,4.57617586741645e-12,3.38807028485643e-18,3.38807028485643e-18,1.58188200254823e-43,1.54587397205025e-44
11.43,3.16480111470142e-06,3.15203171031042e-12,1.75038724232395e-18,1.75038724232395e-18,2.22720583523242e-44,2.1765084409191e-45
11.44,2.91186682313195e-06,2.15333703468303e-12,8.908939594117e-19,8.908939594117e-19,2.99741987763862e-45,2.92919027126127e-46
11.45,2.67495833917758e-06,1.45876027780944e-12,4.46556965382371e-19,4.46556965382371e-19,3.85193762967544e-46,3.76425682451914e-47
11.46,2.45339308315976e-06,9.79763660278429e-13,2.20359618005953e-19,2.20359618005953e-19,4.72158912509385e-47,4.6141126351019e-48
11.47,2.24649601356933e-06,6.52284737491474e-13,1.07012165068127e-19,1.07012165068127e-19,5.51437610806565e-48,5.38885358315119e-49
11.48,2.05360065646523e-06,4.30370587467554e-13,5.11232327186119e-20,5.11232327186119e-20,6.1293532554086e-49,5.98983214157195e-50
11.49,1.87405012125657e-06,2.81349623343229e-13,2.40171643714977e-20,2.40171643714977e-20,6.47653074527033e-50,6.32910690694284e-51
11.5,1.70719809694649e-06,1.82202894775694e-13,1.10910791366899e-20,1.10910791366899e-20,6.49781733455886e-51,6.3499089543028e-52
11.51,1.55240982291318e-06,1.16862186018553e-13,5.03269909899123e-21,5.03269909899123e-21,6.18252237699333e-52,6.04179098619008e-53
11.52,1.40906302834747e-06,7.42172632473049e-14,2.24298105964246e-21,2.24298105964246e-21,5.57186598914695e-53,5.44503483477216e-54
11.53,1.27654883456669e-06,4.66603708585308e-14,9.8144503821952e-22,9.8144503821952e-22,4.75032733478294e-54,4.64219668327371e-55
11.54,1.15427261458092e-06,2.90336445301988e-14,4.21440355880966e-22,4.21440355880966e-22,3.82624414005416e-55,3.73914819012499e-56
11.55,1.04165480449882e-06,1.78755930904356e-14,1.77519352745654e-22,1.77519352745654e-22,2.9078590999941e-56,2.8416681458093e-57
11.56,9.38131661631019e-07,1.08872421334011e-14,7.33162086806664e-23,7.33162086806664e-23,2.08227204841562e-57,2.03487374986765e-58
11.57,8.43155964471741e-07,6.55789273513375e-15,2.96756144804609e-23,2.96756144804609e-23,1.40301785357209e-58,1.37108126817618e-59
11.58,7.5619765012062e-07,3.905599250134e-15,1.17663280072698e-23,1.17663280072698e-23,8.88248973786902e-60,8.68029958660363e-61
11.59,6.76744385137119e-07,2.2991818302071e-15,4.56788351030128e-24,4.56788351030128e-24,5.27620725223305e-61,5.15610611235912e-62
11.6,6.04302066300898e-07,1.3375310879432e-15,1.735435180418e-24,1.735435180418e-24,2.93616016109069e-62,2.86932499610544e-63
11.61,5.38395248277071e-07,7.68704282537444e-16,6.44915147894637e-25,6.44915147894637e-25,1.52844046587642e-63,1.49364891326948e-64
11.62,4.78567495750705e-07,4.36331624841408e-16,2.34300906123337e-25,2.34300906123337e-25,7.43109750849541e-65,7.26194507785371e-66
11.63,4.24381658195808e-07,2.44540232674673e-16,8.31751831618209e-26,8.31751831618209e-26,3.36900820372263e-66,3.29232021438323e-67
11.64,3.75420066071333e-07,1.35279355330151e-16,2.88355234409329e-26,2.88355234409329e-26,1.42196460549898e-67,1.38959673937535e-68
11.65,3.31284647887279e-07,7.3846283130141e-17,9.75745604067466e-27,9.75745604067466e-27,5.57814215317849e-69,5.45116813586862e-70
11.66,2.91596968245466e-07,3.97655451511429e-17,3.22088257486386e-27,3.22088257486386e-27,2.03031794357762e-70,1.98410226483852e-71
11.67,2.55998187628368e-07,2.11168218832523e-17,1.03655375255871e-27,1.03655375255871e-27,6.84470250449922e-72,6.68889805376609e-73
11.68,2.24148945373253e-07,1.10548387226782e-17,3.25035421807092e-28,3.25035421807092e-28,2.13346669139692e-73,2.08490306050251e-74
11.69,1.95729167921526e-07,5.70340404514772e-18,9.92496042738795e-29,9.92496042738795e-29,6.13711952144417e-75,5.99742162580976e-76
11.7,1.70437805064537e-07,2.89885180722924e-18,2.94928867983688e-29,2.94928867983688e-29,1.62621850817428e-76,1.58920125559514e-77
11.71,1.47992497508703e-07,1.45103159141736e-18,8.52356174762606e-30,8.52356174762606e-30,3.96185056793523e-78,3.87166783885122e-79
11.72,1.28129179646558e-07,7.15042755380928e-19,2.39419091796898e-30,2.39419091796898e-30,8.85670286691387e-80,8.65509969649427e-81
11.73,1.10601621937111e-07,3.46763318754281e-19,6.53194081598288e-31,6.53194081598288e-31,1.81313845741051e-81,1.77186638732795e-82
11.74,9.5180917762819e-08,1.65431538294801e-19,1.72972372979406e-31,1.72972372979406e-31,3.39222485109161e-83,3.315008386338e-84
11.75,8.16549200328959e-08,7.76107232026801e-20,4.4428399279523e-32,4.4428399279523e-32,5.78791550573857e-85,5.65616646395501e-86
11.76,6.98276331396341e-08,3.57909976369416e-20,1.10607700532644e-32,1.10607700532644e-32,8.98693349428353e-87,8.78236591286834e-88
11.77,5.95185661396521e-08,1.62181370123108e-20,2.66707360238731e-33,2.66707360238731e-33,1.2670649023086e-88,1.2382229839027e-89
11.78,5.05620532228609e-08,7.21814507082774e-21,6.22424080343009e-34,6.22424080343009e-34,1.61848306385659e-90,1.58164189148726e-91
11.79,4.28065476456908e-08,3.1540311901709e-21,1.40478156706245e-34,1.40478156706245e-34,1.86870464160252e-92,1.82616773074687e-93
11.8,3.6113895340861e-08,1.35249640690778e-21,3.06382403486098e-35,3.06382403486098e-35,1.94569317116717e-94,1.9014037874241e-95
11.81,3.03585943742652e-08,5.6891280085195e-22,6.45216012051923e-36,6.45216012051923e-36,1.82248264965797e-96,1.78099787979193e-97
11.82,2.54270463018559e-08,2.34638891735756e-22,1.31092661477397e-36,1.31092661477397e-36,1.53192540883745e-98,1.4970545292439e-99
11.83,2.12168052893937e-08,9.48417852865646e-23,2.56756190979373e-37,2.56756190979373e-37,1.15266177133706e-100,1.12642398612343e-101
11.84,1.76358305996156e-08,3.75526812507341e-23,4.84352664737264e-38,4.84352664737264e-38,7.74346943778073e-103,7.5672065539331e-104
11.85,1.46017477308361e-08,1.45584460042347e-23,8.79267399490976e-39,8.79267399490976e-39,4.63224998583529e-105,4.52680710293028e-106
11.86,1.20411231148615e-08,5.52342418398408e-24,1.53465301034925e-39,1.53465301034925e-39,2.46092088462399e-107,2.40490348628206e-108
11.87,9.88875685819731e-09,2.04975794221297e-24,2.57295241428877e-40,2.57295241428877e-40,1.15784868699763e-109,1.1314928331689e-110
11.88,8.08699754742159e-09,7.43659222415895e-25,4.13979439909282e-41,4.13979439909282e-41,4.81089318957635e-112,4.70138389089683e-113
11.89,6.58508264626896e-09,2.63629354282343e-25,6.38608800930367e-42,6.38608800930367e-42,1.76019998367052e-114,1.72013294036865e-115
11.9,5.33850749802732e-09,9.12699556317963e-26,9.43569914385749e-43,9.43569914385749e-43,5.65423756349117e-117,5.52553140317006e-118
11.91,4.30842542166966e-09,3.08415789146496e-26,1.334013902949e-43,1.334013902949e-43,1.58980995575764e-119,1.55362146301248e-120
11.92,3.46108086335382e-09,1.01665802203767e-26,1.80280013965688e-44,1.80280013965688e-44,3.90057118384633e-122,3.8117833438423e-123
11.93,2.7672770455261e-09,3.26732118141462e-27,2.32637245188578e-45,2.32637245188578e-45,8.32423570718485e-125,8.13475296907046e-126
11.94,2.20187905253565e-09,1.02312970101627e-27,2.8634406887355e-46,2.8634406887355e-46,1.54022054720026e-127,1.50516084720502e-128
11.95,1.74335281222961e-09,3.11981458341172e-28,3.35812133428497e-47,3.35812133428497e-47,2.46263583524619e-130,2.40657939986218e-131
11.96,1.37333998443202e-09,9.25800229031312e-29,3.74813005528932e-48,3.74813005528932e-48,3.39093093538055e-133,3.31374392374438e-134
11.97,1.07626835545177e-09,2.67190560914168e-29,3.9768794957834e-49,3.9768794957834e-49,4.00707508515798e-136,3.91586292038105e-137
11.98,8.38996967589503e-10,7.49477809892599e-30,4.00652169149789e-50,4.00652169149789e-50,4.0492902727421e-139,3.95711717297789e-140
11.99,6.50494887636805e-10,2.04193654121189e-30,3.82794506807108e-51,3.82794506807108e-51,3.4865051379878e-142,3.40714259189536e-143
12,5.01552240903071e-10,5.39978842351931e-31,3.46418169492814e-52,3.46418169492814e-52,2.54824912051143e-145,2.49024388883168e-146
