wave,flux
96.79,1.15903649249932e-21
108.59838,1.29315702192333e-21
121.85861,1.44234938329534e-21
136.76427,1.60846711317233e-21
153.41215,1.79420163400832e-21
172.09262,2.00847938351987e-21
193.09605,2.22966595000939e-21
216.71281,2.48129140146817e-21
243.13648,2.77350008677973e-21
272.75422,3.0643689001803e-21
306.04998,3.39163063472211e-21
343.41092,3.75650396178506e-21
385.32099,4.16521200810963e-21
432.36093,4.91465076690515e-21
485.11148,5.42361870109356e-21
544.25017,5.98521729934791e-21
576.57803,6.29057259346816e-21
646.84757,6.95729416972583e-21
725.82821,7.71763741591603e-21
814.39106,8.54360289132736e-21
913.79439,9.48145570251308e-21
1025.0061,1.05746218536885e-20
1150.8331,1.17300345212105e-20
1291.1786,1.30360296148635e-20
1447.9784,1.44481021413355e-20
1625.1041,1.60418776490307e-20
1823.5236,1.78277742964424e-20
2045.1727,1.97841482847865e-20
2294.8909,2.19542939325675e-20
2575.5819,2.43436242749443e-20
2889.1815,2.69832562726293e-20
3242.465,2.99151327394686e-20
3637.3682,3.34517740231743e-20
4081.6343,3.70926126837122e-20
4580.1028,4.04304201077608e-20
5138.5811,4.06808843748845e-20
6468.4757,3.39219675522858e-20
7258.2821,3.03571054258347e-20
8143.91060000001,3.03342001378566e-20
9137.9439,3.01137580932733e-20
10250.061,2.91789528826583e-20
11508.331,2.6317539876634e-20
12911.786,2.33072835636815e-20
14479.784,2.02848334888843e-20
15341.215,1.87113668748038e-20
17209.262,1.55779520207292e-20
19309.605,1.23373695585351e-20
21671.281,9.99757678821389e-21
22948.909,9.5799244209502e-21
24313.648,9.18797755016387e-21
25755.819,8.68576326224283e-21
27275.422,8.14458264754402e-21
28891.815,7.59907166788522e-21
30604.998,7.07710146384662e-21
32424.65,6.58110747165741e-21
34341.092,6.1135250904022e-21
34844.4,6.00008653706625e-21
36373.682,5.67733101588435e-21
38532.099,5.26535449859698e-21
40816.343,4.88733702829749e-21
43236.093,4.53475496519078e-21
43555.5,4.4913748529806e-21
45801.028,4.20598479700264e-21
48511.148,3.90021479267514e-21
51385.811,3.61636263088955e-21
54425.017,3.35077532203712e-21
56138.2,3.21482614953082e-21
57657.803,3.10209993683715e-21
61074.49,2.87209536745449e-21
64684.757,2.65927337500307e-21
68517.641,2.46133393470102e-21
72582.821,2.27732998677968e-21
72592.5,2.27692062377048e-21
76880.297,2.10739683459057e-21
81439.106,1.95058743021368e-21
86268.927,1.80676649372944e-21
91379.439,1.67444576627959e-21
96790,1.55281347623177e-21
102500.61,1.44159903996787e-21
108598.38,1.33901654185291e-21
115083.31,1.24524187708087e-21
121858.61,1.16120860609483e-21
123891.2,1.13851634936369e-21
129117.86,1.08375076989898e-21
136764.27,1.0134636834466e-21
144797.84,9.49927930564814e-22
153412.15,8.91452295339617e-22
159703.5,8.54006982070481e-22
162510.41,8.38266785061363e-22
172092.62,7.89667852421792e-22
182352.36,7.44613709953489e-22
193096.05,7.03347894339607e-22
204517.27,6.64828614450858e-22
205194.8,6.62696412169096e-22
216712.81,6.28460565102205e-22
229489.09,5.94365510577361e-22
243136.48,5.61826373623731e-22
257558.19,5.30775505404051e-22
261333,5.23014241565999e-22
272754.22,5.008476117611e-22
288918.15,4.71893860740255e-22
306049.98,4.43724832048739e-22
309728,4.3802265257075e-22
314567.5,4.30732161707621e-22
319407,4.23677984661417e-22
324246.5,4.16828490398605e-22
338765,3.96578936557935e-22
343410.92,3.90485084236976e-22
348444,3.83893476824071e-22
363736.82,3.65076108552213e-22
385320.99,3.405871550418e-22
408163.43,3.17004694979029e-22
432360.93,2.9438284839936e-22
435555,2.9155283058588e-22
458010.28,2.72938146689001e-22
483950,2.53875016258968e-22
485111.480000001,2.53076507394135e-22
495564.8,2.44286967223265e-22
497500.6,2.42712625394695e-22
499436.4,2.41154862954483e-22
501372.2,2.3961289075107e-22
503308,2.38086738345655e-22
505243.8,2.36576191496327e-22
507179.6,2.35080892934058e-22
509115.4,2.33600544116993e-22
511051.2,2.32134977672046e-22
512987,2.3068423892146e-22
513858.110000001,2.30036210456399e-22
514922.8,2.29210235897762e-22
516858.6,2.27720297452873e-22
518794.4,2.2624533770458e-22
520730.2,2.24785238429283e-22
522666,2.2334005157355e-22
524601.8,2.21909558909851e-22
526537.600000001,2.20493485325076e-22
528473.4,2.19091615852787e-22
530409.2,2.17703779734989e-22
532345,2.1632970701525e-22
534280.8,2.14969267740149e-22
536216.6,2.13622247796549e-22
538152.4,2.12288517512855e-22
540088.2,2.10967901954512e-22
542024,2.09660229632763e-22
543959.8,2.08365329358185e-22
544250.17,2.08172170549396e-22
545895.6,2.07051118732936e-22
547831.4,2.05744189432227e-22
549767.200000001,2.04450056786484e-22
551703,2.03168593268485e-22
553638.8,2.01899550918385e-22
555574.6,2.00642757340945e-22
557510.4,1.99398078131417e-22
559446.200000001,1.98165382505369e-22
561382,1.96944567411927e-22
563317.8,1.95735467930125e-22
565253.6,1.94537977290852e-22
567189.4,1.93351908223115e-22
569125.2,1.92177039266915e-22
571061,1.91013220695085e-22
572996.8,1.89860329236919e-22
574932.6,1.88718285316452e-22
576578.03,1.8775609689852e-22
576868.4,1.87575261382358e-22
578804.200000001,1.86376510497487e-22
580740,1.85189428616157e-22
582675.8,1.84013694899931e-22
584611.600000001,1.82849178880408e-22
586547.4,1.81695800731464e-22
588483.2,1.8055359949261e-22
590419,1.79422514856366e-22
592354.8,1.78302491309506e-22
594290.6,1.77193643441494e-22
596226.4,1.76095623859311e-22
598162.2,1.75008006340847e-22
600098,1.73929859937675e-22
602033.8,1.7286107203694e-22
603969.6,1.71801526632029e-22
605905.4,1.70751479016662e-22
607841.200000001,1.6971113371148e-22
609777.000000001,1.68680494055602e-22
610744.9,1.68168752894066e-22
611712.8,1.67667266970307e-22
613648.6,1.66671313561374e-22
615584.400000001,1.65684514891919e-22
617520.2,1.64706668133199e-22
619456.000000001,1.63737665018271e-22
621391.8,1.6277739978183e-22
623327.600000001,1.61825798917721e-22
625263.4,1.60882737503956e-22
627199.2,1.59948120282969e-22
629135,1.59021814940254e-22
631070.799999999,1.58103700139131e-22
633006.600000001,1.57193676362692e-22
634942.4,1.56291703150013e-22
636878.2,1.5539772101009e-22
638814,1.54511538758871e-22
640749.8,1.53633060908979e-22
642685.6,1.52762202708769e-22
644621.400000001,1.51898811231058e-22
646557.2,1.51042839513824e-22
646847.57,1.50915084429947e-22
648492.999999999,1.50149960279411e-22
650428.8,1.49257280885614e-22
652364.6,1.48372505767616e-22
654300.399999999,1.47495527697202e-22
656236.199999999,1.46626345885837e-22
658172.000000001,1.45764829465047e-22
660107.8,1.44910927522276e-22
662043.600000001,1.44064517988457e-22
663979.400000001,1.43225501526768e-22
665915.2,1.42393829625508e-22
667851.000000001,1.41569376947448e-22
669786.8,1.40752121438149e-22
671722.600000001,1.39942191742681e-22
673658.4,1.39139577784089e-22
675594.2,1.38343533166636e-22
677530,1.37553700511439e-22
679465.8,1.36770168031632e-22
681401.6,1.35993580525607e-22
683337.4,1.35223849958282e-22
685176.41,1.34498812827359e-22
685273.2,1.34473160870658e-22
687209,1.33961898979529e-22
689144.8,1.33454015186512e-22
691080.6,1.32949425897957e-22
693016.400000001,1.32448114680858e-22
694952.2,1.31950117141132e-22
696888,1.31455424148398e-22
698823.8,1.30963978994201e-22
700759.6,1.30475734732837e-22
702695.4,1.29990678256691e-22
704631.200000001,1.29508791159866e-22
706567,1.29030024549215e-22
708502.800000001,1.2855434643793e-22
710438.599999999,1.28081771009407e-22
712374.399999999,1.27612275373096e-22
714310.200000001,1.27145845745349e-22
716246,1.26682403898514e-22
718181.8,1.26221944583433e-22
720117.6,1.25764420404196e-22
722053.400000001,1.25309754100885e-22
723989.2,1.24858037973875e-22
725828.21,1.2443151676078e-22
725925,1.24462984255986e-22
727860.8,1.25093058727716e-22
729796.6,1.25724663338332e-22
731732.4,1.26357682704627e-22
733668.2,1.26992052623229e-22
735604,1.27627815942294e-22
737539.8,1.28264919961449e-22
739475.6,1.28903383673033e-22
741411.4,1.29543262700625e-22
743347.2,1.30184575769209e-22
745283.000000001,1.30827400222443e-22
747218.8,1.31471792859986e-22
749154.6,1.32117723034428e-22
751090.4,1.3276516685407e-22
753026.199999999,1.33414103793299e-22
754962.000000001,1.3406451885671e-22
756897.800000001,1.34716385621262e-22
758833.600000001,1.35369688905685e-22
760769.400000001,1.36024433969237e-22
762705.2,1.36680577659157e-22
764641.000000001,1.37338178784183e-22
766576.8,1.37997227845885e-22
768512.6,1.38657760989797e-22
768802.97,1.3875697456261e-22
770448.4,1.4008121642122e-22
772384.200000001,1.41651654784546e-22
774320,1.43235726693051e-22
776255.8,1.44833581951205e-22
778191.6,1.4644522057054e-22
780127.4,1.48070767434055e-22
782063.2,1.49710300516641e-22
783999,1.51363870692008e-22
785934.8,1.53031634118418e-22
787870.600000001,1.54713632191468e-22
789806.4,1.56409930240819e-22
791742.2,1.58120680984389e-22
793678,1.59845919241212e-22
795613.8,1.61585727449227e-22
797549.6,1.63340195822553e-22
799485.4,1.65109395795456e-22
801421.2,1.66893417274096e-22
803357,1.68692350464747e-22
805292.799999999,1.70506275118699e-22
807228.6,1.72335267668745e-22
809164.400000001,1.74179430077915e-22
811100.2,1.76038850204131e-22
813036.000000001,1.77913646165599e-22
814391.06,1.7923522443055e-22
814971.8,1.79635621829528e-22
816907.599999999,1.80974681152468e-22
818843.4,1.82320535768703e-22
820779.200000001,1.83673220469502e-22
822715,1.85032721352843e-22
824650.799999999,1.8639904030225e-22
826586.6,1.87772158392191e-22
828522.400000001,1.89152134846464e-22
830458.2,1.90538957826098e-22
832394,1.91932565042123e-22
834329.8,1.93333077041029e-22
836265.6,1.94740466115882e-22
838201.4,1.96154728813864e-22
840137.2,1.97575959725068e-22
842073,1.99004177958382e-22
844008.800000001,2.00439378811727e-22
845944.6,2.01881612765954e-22
847880.400000001,2.03330894908327e-22
849816.200000001,2.0478727996096e-22
851751.999999999,2.06250754807069e-22
853687.8,2.07721358556994e-22
855623.599999999,2.09199123145635e-22
857559.4,2.10684034219872e-22
859495.200000001,2.12176137611256e-22
861430.999999999,2.1367549341322e-22
862689.27,2.14653940287863e-22
863366.8,2.15006606081682e-22
865302.600000001,2.16015911783297e-22
867238.400000001,2.17027692359169e-22
869174.2,2.18041932401037e-22
871110.000000001,2.19058605596828e-22
873045.800000001,2.20077694967153e-22
874981.599999999,2.21099252305938e-22
876917.399999999,2.22123289383692e-22
878853.2,2.23149832515341e-22
880789.000000001,2.2417885132209e-22
882724.800000001,2.25210364072248e-22
884660.600000001,2.26244368972694e-22
886596.399999999,2.27280848454828e-22
888532.2,2.28319800552351e-22
890468.000000001,2.29361232382676e-22
892403.8,2.30405138172487e-22
894339.6,2.31451516064462e-22
896275.400000001,2.32500368441422e-22
898211.2,2.33551695330481e-22
900146.999999999,2.34605497226151e-22
902082.8,2.35661772354544e-22
904018.6,2.36720523067785e-22
905954.4,2.37781757011933e-22
907890.2,2.38845473219488e-22
909825.999999999,2.39911668562979e-22
911761.799999999,2.40980339528509e-22
913697.6,2.4205148795018e-22
913794.389999999,2.42105110469773e-22
915633.4,2.4061692581065e-22
917569.2,2.39063495454512e-22
919505,2.37523338486362e-22
921440.799999999,2.35996310017185e-22
923376.599999999,2.34482280448347e-22
925312.400000001,2.32981116356143e-22
927248.199999999,2.31492671690921e-22
929183.999999999,2.30016815655641e-22
931119.8,2.28553412497763e-22
933055.6,2.2710232889106e-22
934991.399999999,2.25663417415428e-22
936927.2,2.24236546171085e-22
938863.000000001,2.22821611112651e-22
940798.8,2.21418481146669e-22
942734.600000001,2.20027039733415e-22
944670.400000001,2.18647170177422e-22
946606.199999999,2.17278765579559e-22
948542.000000001,2.15921704348419e-22
950477.800000001,2.14575860964961e-22
952413.600000001,2.13241121741728e-22
954349.4,2.11917373573863e-22
956285.2,2.10604500347832e-22
958220.999999999,2.09302396567724e-22
960156.8,2.08010947686992e-22
962092.600000001,2.06730044512803e-22
964028.4,2.05459581968959e-22
965964.200000001,2.0419945428347e-22
967900,2.02949556169754e-22
969835.800000001,2.01261122935156e-22
971771.599999999,1.99590061611633e-22
973707.4,1.97936158586083e-22
975643.199999999,1.96299204069215e-22
977578.999999999,1.94678988833469e-22
979514.8,1.93075312215915e-22
981450.599999999,1.91487973210866e-22
983386.399999999,1.89916772841274e-22
985322.199999999,1.8836151692453e-22
987258.000000001,1.86822012016225e-22
989193.8,1.85298073760333e-22
991129.599999999,1.83789509676132e-22
993065.399999999,1.82296140707503e-22
995001.2,1.80817781184007e-22
996937,1.79354249533375e-22
998872.8,1.77905369903523e-22
1000808.6,1.76470970163463e-22
1002744.4,1.75050876526646e-22
1004680.2,1.73644933591651e-22
1006616,1.7225298397559e-22
1008551.8,1.7087483635232e-22
1010487.6,1.69510343190201e-22
1012423.4,1.681593509354e-22
1014359.2,1.66821680254552e-22
1016295,1.65497156333998e-22
1018230.8,1.64185575650956e-22
1020166.6,1.62886845678924e-22
1022102.4,1.61600793330861e-22
1024038.2,1.60327284965003e-22
1025006.1,1.59695193267688e-22
1025974,1.58924756903989e-22
1027909.8,1.57397169903834e-22
1029845.6,1.55887113356473e-22
1031781.4,1.54394341865105e-22
1033717.2,1.52918632954388e-22
1035653,1.51459759896836e-22
1037588.8,1.50017490102715e-22
1039524.6,1.48591599450833e-22
1041460.4,1.47181875450712e-22
1043396.2,1.45788106269858e-22
1045332,1.44410083791093e-22
1047267.8,1.43047608269474e-22
1049203.6,1.41700475814674e-22
1051139.4,1.40368504914209e-22
1053075.2,1.39051497386879e-22
1055011,1.37749241414828e-22
1056946.8,1.36461562639617e-22
1058882.6,1.35188270217694e-22
1060818.4,1.33929158802529e-22
1062754.2,1.3268404446282e-22
1064690,1.314527272466e-22
1066625.8,1.30235039420052e-22
1068561.6,1.29030801681581e-22
1070497.4,1.27839889021878e-22
1072433.2,1.26662144148428e-22
1074369,1.25497501454534e-22
1076304.8,1.24345827571698e-22
1078240.6,1.23206866296411e-22
1080176.4,1.22080494223535e-22
1082112.2,1.20966424497505e-22
1084048,1.1986440274244e-22
1085983.8,1.18774144365126e-22
1087919.6,1.17744415767135e-22
1089855.4,1.16725279375644e-22
1091791.2,1.15716537772985e-22
1093727,1.14718112930174e-22
1095662.8,1.137300024319e-22
1097598.6,1.12752092447987e-22
1099534.4,1.11784314079405e-22
1101470.2,1.10826545894765e-22
1103406,1.0987868096439e-22
1105341.8,1.08940608268564e-22
1107277.6,1.080121861022e-22
1109213.4,1.07093303821061e-22
1111149.2,1.0618385627986e-22
1113085,1.05283712827662e-22
1115020.8,1.04392763662076e-22
1116956.6,1.03510897721492e-22
1118892.4,1.02637997085985e-22
1120828.2,1.01773955720123e-22
1122764,1.00918671450529e-22
1124699.8,1.0007204169459e-22
1126635.6,9.92339621223118e-23
1128571.4,9.84043331045835e-23
1130507.2,9.75830563819583e-23
1132443,9.67700298123281e-23
1134378.8,9.59651632928342e-23
1136314.6,9.51683560447414e-23
1138250.4,9.43795162240539e-23
1140186.2,9.35985503603294e-23
1142122,9.28253625447935e-23
1144057.8,9.20598633710397e-23
1145993.6,9.13019701240021e-23
1147929.4,9.05515867876792e-23
1149865.2,8.98086228723344e-23
1150833.1,8.94398946312008e-23
1151801,8.90653095903097e-23
1153736.8,8.83217678276923e-23
1155672.6,8.75856584771445e-23
1157608.4,8.68568854384489e-23
1159544.2,8.61353695429041e-23
1161480,8.54210262829156e-23
1163415.8,8.47137532429393e-23
1165351.6,8.4013487703797e-23
1167287.4,8.33201529172709e-23
1169223.2,8.26336738446383e-23
1171159,8.1953974690113e-23
1173094.8,8.12809774198875e-23
1175030.6,8.06146120157943e-23
1176966.4,7.99548054207563e-23
1178902.2,7.93014810090682e-23
1180838,7.86545717685822e-23
1182773.8,7.80139963466899e-23
1184709.6,7.73796789686827e-23
1186645.4,7.67515534605363e-23
1188581.2,7.61295379169264e-23
1190517,7.55135573375913e-23
1192452.8,7.49035382573658e-23
1194388.6,7.42994203707086e-23
1196324.4,7.370114194606e-23
1198260.2,7.31086289656066e-23
1200196,7.25218255589367e-23
1202131.8,7.19406676572928e-23
1204067.6,7.13651044935276e-23
1206003.4,7.07950637749709e-23
1207939.2,7.02304813848785e-23
1209875,6.96713032984417e-23
1211810.8,6.91174618817241e-23
1213746.6,6.85688995516264e-23
1215682.4,6.80255542760578e-23
1217618.2,6.74873672948194e-23
1218586.1,6.72201899440756e-23
1219554,6.696847603607e-23
1221489.8,6.6468461830405e-23
1223425.6,6.59729629000724e-23
1225361.4,6.54819413724841e-23
1227297.2,6.49953927803482e-23
1229233,6.45132573410372e-23
1231168.8,6.40354892598332e-23
1233104.6,6.35621429778847e-23
1235040.4,6.30930750993119e-23
1236976.2,6.26281637554538e-23
1238912,6.21671705493644e-23
1240847.8,6.17101073013424e-23
1242783.6,6.12569908858793e-23
1244719.4,6.08076456383897e-23
1246655.2,6.03622164568664e-23
1248591,5.99207461740418e-23
1250526.8,5.94833714463442e-23
1252462.6,5.90499655926201e-23
1254398.4,5.86204244393323e-23
1256334.2,5.81947457405176e-23
1258270,5.77728343229823e-23
1260205.8,5.73546301562258e-23
1262141.6,5.69400979172894e-23
1264077.4,5.6529193120974e-23
1266013.2,5.61218773339745e-23
1267949,5.57181161422554e-23
1269884.8,5.53178731700627e-23
1271820.6,5.49211089776923e-23
1273756.4,5.45277886883664e-23
1275692.2,5.41378749330002e-23
1277628,5.37511681979918e-23
1279563.8,5.33679601569476e-23
1281499.6,5.29880550995148e-23
1283435.4,5.26114222694402e-23
1285371.2,5.22380291313934e-23
1287307,5.18678445480546e-23
1289242.8,5.15008336099076e-23
1291178.6,5.11369628722049e-23
1293114.4,5.08554430117921e-23
1295050.2,5.05758916223434e-23
1296986,5.02982915247194e-23
1298921.8,5.00226262143205e-23
1300857.6,4.97488798457774e-23
1302793.4,4.94770372215357e-23
1304729.2,4.92070813199172e-23
1306665,4.89389948166626e-23
1308600.8,4.86727610511164e-23
1310536.6,4.84083659559043e-23
1312472.4,4.81457931848774e-23
1314408.2,4.78850265623176e-23
1316344,4.7626051515718e-23
1318279.8,4.73688545495402e-23
1320215.6,4.71134190009092e-23
1322151.4,4.68597302708138e-23
1324087.2,4.66077761938761e-23
1326023,4.63575442142709e-23
1327958.8,4.61090200554834e-23
1329894.6,4.58621877895706e-23
1331830.4,4.56170334585558e-23
1333766.2,4.53735423550616e-23
1335702,4.51317016872514e-23
1337637.8,4.48914983377698e-23
1339573.6,4.46529180041228e-23
1341509.4,4.44159486972042e-23
1343445.2,4.41805781038299e-23
1345381,4.39467927353224e-23
1347316.8,4.37145783760209e-23
1349252.6,4.34839205231203e-23
1351188.4,4.32548073791634e-23
1353124.2,4.30272264079426e-23
1355060,4.28011656142322e-23
1356995.8,4.25766118503078e-23
1358931.6,4.23535542000574e-23
1360867.4,4.21319810051119e-23
1362803.2,4.19118798828995e-23
1364739,4.16932394010527e-23
1366674.8,4.14760478196884e-23
1367642.7,4.13679918327482e-23
1368610.6,4.13356442227895e-23
1370546.4,4.12710933040033e-23
1372482.2,4.12067328460044e-23
1374418,4.11425632532589e-23
1376353.8,4.1078582462514e-23
1378289.6,4.10147908830218e-23
1380225.4,4.0951186874212e-23
1382161.2,4.08877696271117e-23
1384097,4.08245391450884e-23
1386032.8,4.07614946180616e-23
1387968.6,4.06986356410284e-23
1389904.4,4.06359602118366e-23
1391840.2,4.05734687348742e-23
1393776,4.05111600186484e-23
1395711.8,4.04490332772616e-23
1397647.6,4.03870881188569e-23
1399583.4,4.03253237605403e-23
1401519.2,4.02637394254455e-23
1403455,4.02023343387746e-23
1405390.8,4.01411081200866e-23
1407326.6,4.00800592292483e-23
1409262.4,4.00191872948718e-23
1411198.2,3.9958491561217e-23
1413134,3.98979708949683e-23
1415069.8,3.98376249342554e-23
1417005.6,3.97774521736352e-23
1418941.4,3.97174526419211e-23
1420877.2,3.96576252253126e-23
1422813,3.95979688173123e-23
1424748.8,3.95384834541164e-23
1426684.6,3.94791680371683e-23
1428620.4,3.94200222270335e-23
1430556.2,3.93610445591335e-23
1432492,3.9302235078872e-23
1434427.8,3.92435923311711e-23
1436363.6,3.91851163669809e-23
1438299.4,3.91268061152625e-23
1440235.2,3.9068660884955e-23
1442171,3.90106870828194e-23
1444106.8,3.89528657168242e-23
1446042.6,3.8895206972135e-23
1447978.4,3.88377101795802e-23
1449914.2,3.88153186116324e-23
1451850,3.87929705519135e-23
1453785.8,3.8770665852712e-23
1455721.6,3.87484040047587e-23
1457657.4,3.87261848673192e-23
1459593.2,3.87040068534163e-23
1461529,3.86818720009941e-23
1463464.8,3.86597801638996e-23
1465400.6,3.86377301245763e-23
1467336.4,3.86157224644222e-23
1469272.2,3.85937574026025e-23
1471208,3.85718337326282e-23
1473143.8,3.85499516768054e-23
1475079.6,3.8528110391396e-23
1477015.4,3.85063101008893e-23
1478951.2,3.84845496085854e-23
1480887,3.84628298537526e-23
1482822.8,3.84411517712392e-23
1484758.6,3.84195155833947e-23
1486694.4,3.83979225809433e-23
1488630.2,3.83763719385339e-23
1490566,3.83548689259243e-23
1492501.8,3.83334271100385e-23
1494437.6,3.83120672129928e-23
1496373.4,3.82907490099781e-23
1498309.2,3.82694689628427e-23
1500245,3.82482203504746e-23
1502180.8,3.82269694271155e-23
1504116.6,3.82057500532057e-23
1506052.4,3.81845591882535e-23
1507988.2,3.81633907701394e-23
1509924,3.81422186682438e-23
1511859.8,3.81210815687401e-23
1513795.6,3.80999769013826e-23
1515731.4,3.8078911558792e-23
1517667.2,3.80578976826163e-23
1519603,3.80369278151287e-23
1521538.8,3.80160025676199e-23
1523474.6,3.79951214479762e-23
1525410.4,3.79742953947915e-23
1527346.2,3.7953513585784e-23
1529282,3.79327726477874e-23
1531217.8,3.79120703260329e-23
1533153.6,3.78914075679919e-23
1534121.5,3.78810905477503e-23
1535089.4,3.78720033342805e-23
1537025.2,3.78538519101927e-23
1538961,3.7835730954847e-23
1540896.8,3.78176410856796e-23
1542832.6,3.77995814951679e-23
1544768.4,3.77815535157872e-23
1546704.2,3.77635570528127e-23
1548640,3.77455909465821e-23
1550575.8,3.77276558167186e-23
1552511.6,3.77097501519799e-23
1554447.4,3.76918770548866e-23
1556383.2,3.76740343049901e-23
1558319,3.76562225197381e-23
1560254.8,3.76384423181167e-23
1562190.6,3.7620692901337e-23
1564126.4,3.76029756017058e-23
1566062.2,3.75852914086558e-23
1567998,3.75676391889325e-23
1569933.8,3.75500203221337e-23
1571869.6,3.75324333309761e-23
1573805.4,3.75148814810136e-23
1575741.2,3.74973629923512e-23
1577677,3.74798775366901e-23
1579612.8,3.74624244003061e-23
1581548.6,3.74450020515113e-23
1583484.4,3.74276084618798e-23
1585420.2,3.7410241073384e-23
1587356,3.73928984274132e-23
1589291.8,3.73755757516033e-23
1591227.6,3.73582736108079e-23
1593163.4,3.73409959899736e-23
1595099.2,3.73237420020445e-23
1597035,3.730651244412e-23
1598970.8,3.72893085287208e-23
1600906.6,3.72721318515166e-23
1602842.4,3.72549831632188e-23
1604778.2,3.72378655345054e-23
1606714,3.72207803750069e-23
1608649.8,3.72037255946948e-23
1610585.6,3.71867018524755e-23
1612521.4,3.71697078845717e-23
1614457.2,3.71527451353751e-23
1616393,3.71358112107115e-23
1618328.8,3.71189056442092e-23
1620264.6,3.71020283568882e-23
1622200.4,3.70851769638275e-23
1624136.2,3.70683533081314e-23
1625104.1,3.70599514738407e-23
1626072,3.70379526626763e-23
1628007.8,3.69940334065184e-23
1629943.6,3.69502202397922e-23
1631879.4,3.69065120235682e-23
1633815.2,3.68629087758926e-23
1635751,3.68194109032398e-23
1637686.8,3.67760215361465e-23
1639622.6,3.67327396383719e-23
1641558.4,3.66895630147103e-23
1643494.2,3.66464878191182e-23
1645430,3.66035120702706e-23
1647365.8,3.65606308935468e-23
1649301.6,3.651784341299e-23
1651237.4,3.64751528838915e-23
1653173.2,3.6432550460906e-23
1655109,3.63900396057563e-23
1657044.8,3.63476273194126e-23
1658980.6,3.63053144487743e-23
1660916.4,3.62631037207937e-23
1662852.2,3.6220996997433e-23
1664788,3.61789896257275e-23
1666723.8,3.61370808620108e-23
1668659.6,3.60952722501146e-23
1670595.4,3.60535649525361e-23
1672531.2,3.60119544510795e-23
1674467,3.59704404124512e-23
1676402.8,3.59290206007587e-23
1678338.6,3.58876935451341e-23
1680274.4,3.58464600645113e-23
1682210.2,3.58053198443888e-23
1684146,3.57642718204835e-23
1686081.8,3.57233134601508e-23
1688017.6,3.56824471296834e-23
1689953.4,3.56416736517661e-23
1691889.2,3.56009930891812e-23
1693825,3.55604062101786e-23
1695760.8,3.55199126758944e-23
1697696.6,3.54795121515075e-23
1699632.4,3.54392043042965e-23
1701568.2,3.53989908979891e-23
1703504,3.53588701807605e-23
1705439.8,3.53188418224291e-23
1707375.6,3.52789051519119e-23
1709311.4,3.52390598521403e-23
1711247.2,3.51993049220505e-23
1713183,3.51596400549999e-23
1715118.8,3.5120065285688e-23
1717054.6,3.50805809936388e-23
1718990.4,3.50411872174152e-23
1720926.2,3.50018819477772e-23
1722862,3.49180472743476e-23
1724797.8,3.48345065290159e-23
1726733.6,3.47512576655417e-23
1728669.4,3.46683000144024e-23
1730605.2,3.45856335924121e-23
1732541,3.45032546758142e-23
1734476.8,3.44211616056446e-23
1736412.6,3.43393544282873e-23
1738348.4,3.42578318319952e-23
1740284.2,3.41765921845899e-23
1742220,3.40956351928269e-23
1744155.8,3.40149605502239e-23
1746091.6,3.39345659693431e-23
1748027.4,3.38544521298488e-23
1749963.2,3.37746170874535e-23
1751899,3.36950589121771e-23
1753834.8,3.36157760159732e-23
1755770.6,3.35367668201379e-23
1757706.4,3.3458030727539e-23
1759642.2,3.33795661746823e-23
1761578,3.33013719282878e-23
1763513.8,3.32234464410876e-23
1765449.6,3.31457888178643e-23
1767385.4,3.30683972027468e-23
1769321.2,3.29912707144318e-23
1771257,3.29144081572115e-23
1773192.8,3.2837808018299e-23
1775128.6,3.27614700797979e-23
1777064.4,3.26853921992264e-23
1779000.2,3.2609573528902e-23
1780936,3.25340122620571e-23
1782871.8,3.2458707885759e-23
1784807.6,3.23836592485639e-23
1786743.4,3.23088658447341e-23
1788679.2,3.22343287741063e-23
1790615,3.21600481995784e-23
1792550.8,3.20860194918732e-23
1794486.6,3.20122444662512e-23
1796422.4,3.19387296605087e-23
1798358.2,3.18654768443168e-23
1800294,3.1792474094501e-23
1802229.8,3.17197233898875e-23
1804165.6,3.16472319353119e-23
1806101.4,3.15749820425834e-23
1808037.2,3.15029710743009e-23
1809973,3.14311905501481e-23
1811908.8,3.13596092908383e-23
1813844.6,3.12882268559809e-23
1815780.4,3.12170670557314e-23
1817716.2,3.11461426399786e-23
1819652,3.10754499585547e-23
1821587.8,3.10049986626513e-23
1823523.6,3.09347892449657e-23
1825459.4,3.08261363364081e-23
1827395.2,3.07179952560845e-23
1829331,3.06103614015729e-23
1831266.8,3.05032252576928e-23
1833202.6,3.03965766845663e-23
1835138.4,3.02904154810885e-23
1837074.2,3.01847376572336e-23
1839010,3.0079539883874e-23
1840945.8,2.99748194830348e-23
1842881.6,2.9870573797058e-23
1844817.4,2.97667982870957e-23
1846753.2,2.96634909636453e-23
1848689,2.95606501683098e-23
1850624.8,2.94582723659308e-23
1852560.6,2.93563565617128e-23
1854496.4,2.92548992547128e-23
1856432.2,2.91538979057467e-23
1858368,2.90533496789714e-23
1860303.8,2.89532517559676e-23
1862239.6,2.88536029071338e-23
1864175.4,2.87544000305025e-23
1866111.2,2.8655640983749e-23
1868047,2.85573233272422e-23
1869982.8,2.84594436946414e-23
1871918.6,2.83619999937336e-23
1873854.4,2.82649904575316e-23
1875790.2,2.81684120835772e-23
1877726,2.80722631361861e-23
1879661.8,2.79765409569002e-23
1881597.6,2.78812432137369e-23
1883533.4,2.77863672789676e-23
1885469.2,2.76919114777103e-23
1887405,2.75978732108054e-23
1889340.8,2.75042505180637e-23
1891276.6,2.74110405210966e-23
1893212.4,2.73182412891053e-23
1895148.2,2.72258505940979e-23
1897084,2.71338665355184e-23
1899019.8,2.70422872245095e-23
1900955.6,2.69511101649574e-23
1902891.4,2.68603322531851e-23
1904827.2,2.67699519537898e-23
1906763,2.6679966812884e-23
1908698.8,2.65903747020574e-23
1910634.6,2.65011747496466e-23
1912570.4,2.64123642314674e-23
1914506.2,2.63239407475424e-23
1916442,2.62359015992744e-23
1918377.8,2.61482441026373e-23
1920313.6,2.60609677649716e-23
1922249.4,2.59740699291615e-23
1924185.2,2.58875491924603e-23
1926121,2.58014035449116e-23
1928056.8,2.57156306771495e-23
1929992.6,2.56302286047451e-23
1930960.5,2.55876661552344e-23
1931928.4,2.55416067052302e-23
1933864.2,2.54498052735301e-23
1935800,2.53584248529529e-23
1937735.8,2.5267464018999e-23
1939671.6,2.51769210548812e-23
1941607.4,2.50867927113063e-23
1943543.2,2.49970760635276e-23
1945479,2.49077694399662e-23
1947414.8,2.48188696338771e-23
1949350.6,2.47303725187611e-23
1951286.4,2.46422792657848e-23
1953222.2,2.45545867121619e-23
1955158,2.44672920204092e-23
1957093.8,2.43803932992361e-23
1959029.6,2.4293890216507e-23
1960965.4,2.42077793597959e-23
1962901.2,2.41220579507803e-23
1964837,2.4036726009567e-23
1966772.8,2.39517795500453e-23
1968708.6,2.38672158316109e-23
1970644.4,2.37830336812394e-23
1972580.2,2.36992303871476e-23
1974516,2.36158044935424e-23
1976451.8,2.35327536250232e-23
1978387.6,2.34500751078155e-23
1980323.4,2.33677675271213e-23
1982259.2,2.32858279215345e-23
1984195,2.32042549046447e-23
1986130.8,2.31230471013082e-23
1988066.6,2.30422022142923e-23
1990002.4,2.2961718582878e-23
1991938.2,2.28815933103791e-23
1993874,2.28018250734942e-23
1995809.8,2.27224116256517e-23
1997745.6,2.26433507316857e-23
1999681.4,2.25646414175431e-23
2001617.2,2.24862817834847e-23
2003553,2.24082696310318e-23
2005488.8,2.2330603708199e-23
2007424.6,2.22532818413303e-23
2009360.4,2.21763028024324e-23
2011296.2,2.20996641309797e-23
2013232,2.20233630659414e-23
2015167.8,2.19473996621008e-23
2017103.6,2.18717705568814e-23
2019039.4,2.17964742699241e-23
2020975.2,2.17215093316199e-23
2022911,2.16468733470874e-23
2024846.8,2.15725648692534e-23
2026782.6,2.14985824638689e-23
2028718.4,2.14249237665861e-23
2030654.2,2.13515873640463e-23
2032590,2.12785705928558e-23
2034525.8,2.12058720638186e-23
2036461.6,2.11334910288345e-23
2038397.4,2.10614254902526e-23
2040333.2,2.09896737746644e-23
2042269,2.0918233586424e-23
2044204.8,2.08471032735716e-23
2045172.7,2.08116540445353e-23
2046140.6,2.07774000875842e-23
2048076.4,2.070910897789e-23
2050012.2,2.0641106218296e-23
2051948,2.05733906340386e-23
2053883.8,2.05059604283553e-23
2055819.6,2.04388144439427e-23
2057755.4,2.03719512168484e-23
2059691.2,2.03053699184932e-23
2061627,2.02390684753297e-23
2063562.8,2.01730457624075e-23
2065498.6,2.01073009757972e-23
2067434.4,2.00418326954271e-23
2069370.2,1.99766385721231e-23
2071306,1.99117172018377e-23
2073241.8,1.98470671913349e-23
2075177.6,1.97826877818846e-23
2077113.4,1.97185772838539e-23
2079049.2,1.96547340146334e-23
2080985,1.95911572427022e-23
2082920.8,1.95278446719966e-23
2084856.6,1.9464795904228e-23
2086792.4,1.94020086557097e-23
2088728.2,1.93394822309746e-23
2090664,1.92772146755427e-23
2092599.8,1.92152043533488e-23
2094535.6,1.91534499592168e-23
2096471.4,1.9091950512708e-23
2098407.2,1.90307044034299e-23
2100343,1.89697100308339e-23
2102278.8,1.89089667607833e-23
2104214.6,1.88484739645824e-23
2106150.4,1.87882300649569e-23
2108086.2,1.87282334903995e-23
2110022,1.86684829987567e-23
2111957.8,1.86089776713282e-23
2113893.6,1.85497162800139e-23
2115829.4,1.84906979193423e-23
2117765.2,1.84319207399935e-23
2119701,1.83733838512028e-23
2121636.8,1.83150857368449e-23
2123572.6,1.82570255204564e-23
2125508.4,1.81992029637153e-23
2127444.2,1.81416165702344e-23
2129380,1.80842645348502e-23
2131315.8,1.80271466413513e-23
2133251.6,1.79702617324919e-23
2135187.4,1.79136080258462e-23
2137123.2,1.78571840598172e-23
2139059,1.7800988377524e-23
2140994.8,1.77450204837233e-23
2142930.6,1.76892789353357e-23
2144866.4,1.76337626138354e-23
2146802.2,1.75784707278071e-23
2148738,1.7523401531105e-23
2150673.8,1.74685545664219e-23
2152609.6,1.7413928420514e-23
2154545.4,1.73595220070738e-23
2156481.2,1.73053345690829e-23
2158417,1.72513640632856e-23
2160352.8,1.71976097429697e-23
2162288.6,1.71440705454543e-23
2164224.4,1.70907457397559e-23
2166160.2,1.70376333004997e-23
2167128.1,1.70111565950084e-23
2168096,1.69850171580565e-23
2170031.8,1.69328935893695e-23
2171967.6,1.68809765825653e-23
2173903.4,1.68292644885904e-23
2175839.2,1.67777566395679e-23
2177775,1.67264517221043e-23
2179710.8,1.66753490805025e-23
2181646.6,1.66244474132836e-23
2183582.4,1.65737464001475e-23
2185518.2,1.65232444265938e-23
2187454,1.64729408573424e-23
2189389.8,1.64228350642278e-23
2191325.6,1.63729254487529e-23
2193261.4,1.63232120428444e-23
2195197.2,1.6273693258889e-23
2197133,1.6224368489875e-23
2199068.8,1.61752368090586e-23
2201004.6,1.61262976206927e-23
2202940.4,1.60775490311682e-23
2204876.2,1.60289907809441e-23
2206812,1.59806213096092e-23
2208747.8,1.59324403711367e-23
2210683.6,1.5884446741834e-23
2212619.4,1.58366395311261e-23
2214555.2,1.57890178516003e-23
2216491,1.57415808226774e-23
2218426.8,1.56943275681117e-23
2220362.6,1.56472572171955e-23
2222298.4,1.56003689022457e-23
2224234.2,1.55536617622946e-23
2226170,1.55071346088558e-23
2228105.8,1.54607869209549e-23
2230041.6,1.54146178513779e-23
2231977.4,1.53686262256498e-23
2233913.2,1.53228115367803e-23
2235849,1.52771729529024e-23
2237784.8,1.52317096442879e-23
2239720.6,1.51864207876943e-23
2241656.4,1.5141305231306e-23
2243592.2,1.50963628245646e-23
2245528,1.50515920926523e-23
2247463.8,1.50069922280694e-23
2249399.6,1.49625630973575e-23
2251335.4,1.49183032362448e-23
2253271.2,1.48742118513905e-23
2255207,1.48302888238453e-23
2257142.8,1.47865330354216e-23
2259078.6,1.47429437061214e-23
2261014.4,1.46995200621329e-23
2262950.2,1.46562613313916e-23
2264886,1.46131667485959e-23
2266821.8,1.45702355507665e-23
2268757.6,1.45274673144974e-23
2270693.4,1.44848606170095e-23
2272629.2,1.44424153768611e-23
2274565,1.44001305141718e-23
2276500.8,1.43580052872669e-23
2278436.6,1.43160389591623e-23
2280372.4,1.42742307956377e-23
2282308.2,1.42325804031134e-23
2284244,1.41910867204225e-23
2286179.8,1.41497486894046e-23
2288115.6,1.41085662651183e-23
2290051.4,1.40675380605427e-23
2291987.2,1.40266640393983e-23
2293923,1.39859431589185e-23
2294890.9,1.39656399273977e-23
2295858.8,1.39455754964038e-23
2297794.6,1.39055583617771e-23
2299730.4,1.38656896323545e-23
2301666.2,1.38259686342152e-23
2303602,1.378639469579e-23
2305537.8,1.3746967488149e-23
2307473.6,1.37076856710294e-23
2309409.4,1.36685489217457e-23
2311345.2,1.36295565843039e-23
2313281,1.35907076655033e-23
2315216.8,1.35520021956301e-23
2317152.6,1.35134388475408e-23
2319088.4,1.34750173199161e-23
2321024.2,1.3436736972209e-23
2322960,1.33985971692156e-23
2324895.8,1.33605969379222e-23
2326831.6,1.33227363301671e-23
2328767.4,1.32850140383421e-23
2330703.2,1.32474297805912e-23
2332639,1.32099829391025e-23
2334574.8,1.31726728967655e-23
2336510.6,1.31354990423244e-23
2338446.4,1.3098460423212e-23
2340382.2,1.30615571178288e-23
2342318,1.30247881820957e-23
2344253.8,1.29881530150365e-23
2346189.6,1.29516510214362e-23
2348125.4,1.2915281606635e-23
2350061.2,1.28790438391385e-23
2351997,1.28429378155335e-23
2353932.8,1.28069622672858e-23
2355868.6,1.27711172987372e-23
2357804.4,1.27354019893922e-23
2359740.2,1.26998154220686e-23
2361676,1.26643577094352e-23
2363611.8,1.26290279410906e-23
2365547.6,1.25938255498639e-23
2367483.4,1.25587503175738e-23
2369419.2,1.25238009968784e-23
2371355,1.24889773740518e-23
2373290.8,1.24542792388161e-23
2375226.6,1.24197053523617e-23
2377162.4,1.23852558542192e-23
2379098.2,1.23509298550424e-23
2381034,1.23167268128262e-23
2382969.8,1.22826465319041e-23
2384905.6,1.22486881308945e-23
2386841.4,1.2214851075557e-23
2388777.2,1.21811348350805e-23
2390713,1.21475388794403e-23
2392648.8,1.21140626833197e-23
2394584.6,1.2080705723469e-23
2396520.4,1.20474671325809e-23
2398456.2,1.20143470860519e-23
2400392,1.19813443743156e-23
2402327.8,1.19484588322739e-23
2404263.6,1.19156896024857e-23
2406199.4,1.18830368726245e-23
2408135.2,1.18504994428031e-23
2410071,1.18180775065438e-23
2412006.8,1.17857698684925e-23
2413942.6,1.17535767279609e-23
2415878.4,1.17214968934014e-23
2417814.2,1.16895302225294e-23
2419750,1.16576762253865e-23
2421685.8,1.1625934414517e-23
2423621.6,1.15943046559665e-23
2425557.4,1.15627857693279e-23
2427493.2,1.15313776234678e-23
2429429,1.15000797427951e-23
2431364.8,1.1468891651492e-23
2433300.6,1.14374447908963e-23
2435236.4,1.1406109423929e-23
2437172.2,1.13748847190564e-23
2439108,1.13437701987149e-23
2441043.8,1.1312765387786e-23
2442979.6,1.12818698115808e-23
2444915.4,1.12510830004926e-23
2446851.2,1.12204048358311e-23
2448787,1.11898341498698e-23
2450722.8,1.11593708305546e-23
2452658.6,1.11290147674424e-23
2454594.4,1.10987651494783e-23
2456530.2,1.1068621520587e-23
2458466,1.10385834263423e-23
2460401.8,1.1008650414622e-23
2462337.6,1.09788220362657e-23
2464273.4,1.0949097842377e-23
2466209.2,1.09194777415295e-23
2468145,1.08899609386657e-23
2470080.8,1.08605469909663e-23
2472016.6,1.08312354625464e-23
2473952.4,1.08020259150211e-23
2475888.2,1.07729179148968e-23
2477824,1.0743911030193e-23
2479759.8,1.07150051857567e-23
2481695.6,1.06861996013118e-23
2483631.4,1.06574938493321e-23
2485567.2,1.0628887507132e-23
2487503,1.06003801534729e-23
2489438.8,1.05719713692268e-23
2491374.6,1.05436607366842e-23
2493310.4,1.05154478422631e-23
2495246.2,1.04873322724156e-23
2497182,1.04593132575858e-23
2499117.8,1.0431390747086e-23
2501053.6,1.040356469355e-23
2502989.4,1.03758339745701e-23
2504925.2,1.0348198904506e-23
2506861,1.0320658365653e-23
2508796.8,1.02932126770519e-23
2510732.6,1.0265860723601e-23
2512668.4,1.02386021076026e-23
2514604.2,1.02114367977807e-23
2516540,1.01843636806985e-23
2518475.8,1.01573834505028e-23
2520411.6,1.01304953594462e-23
2522347.4,1.01036990224782e-23
2524283.2,1.00769936957496e-23
2526219,1.00503797192692e-23
2528154.8,1.00238563530995e-23
2530090.6,9.99742321973702e-24
2532026.4,9.97107994422844e-24
2533962.2,9.94482615208941e-24
2535898,9.91866147067284e-24
2537833.8,9.89258589360411e-24
2539769.6,9.86659832659183e-24
2541705.4,9.84069876674779e-24
2543641.2,9.81488721155329e-24
2545577,9.78916257247941e-24
2547512.8,9.76352521436675e-24
2549448.6,9.737974778521e-24
2551384.4,9.71251018114081e-24
2553320.2,9.68713142899366e-24
2555256,9.66183853157236e-24
2557191.8,9.63663040945723e-24
2559127.6,9.61150743952076e-24
2561063.4,9.58646890986336e-24
2562999.2,9.56151410703002e-24
2564935,9.5366434160862e-24
2566870.8,9.51185612795462e-24
2568806.6,9.48715190039819e-24
2570742.4,9.46253039284064e-24
2572678.2,9.43799126635727e-24
2574614,9.4135341836656e-24
2575581.9,9.40133630402984e-24
2576549.8,9.38901088628779e-24
2578485.6,9.36442199323713e-24
2580421.4,9.33991626423607e-24
2582357.2,9.31549299042154e-24
2584293,9.29115183288832e-24
2586228.8,9.26689245437663e-24
2588164.6,9.242714519263e-24
2590100.4,9.2186176935508e-24
2592036.2,9.19460164486157e-24
2593972,9.17066604242562e-24
2595907.8,9.14681055707313e-24
2597843.6,9.12303486122558e-24
2599779.4,9.09933825754009e-24
2601715.2,9.07572116396343e-24
2603651,9.05218288661261e-24
2605586.8,9.02872310347352e-24
2607522.6,9.0053414962125e-24
2609458.4,8.98203737302545e-24
2611394.2,8.95881116265384e-24
2613330,8.93566180322632e-24
2615265.8,8.91258972835814e-24
2617201.6,8.88959387949573e-24
2619137.4,8.86667431799874e-24
2621073.2,8.84383036101695e-24
2623009,8.82106244942632e-24
2624944.8,8.79836990285493e-24
2626880.6,8.77575241655441e-24
2628816.4,8.75320968723206e-24
2630752.2,8.73074141304265e-24
2632688,8.70834691781599e-24
2634623.8,8.68602665386473e-24
2636559.6,8.66377994811686e-24
2638495.4,8.64160650371891e-24
2640431.2,8.61950565073165e-24
2642367,8.59747784817089e-24
2644302.8,8.57552242769629e-24
2646238.6,8.55363909876079e-24
2648174.4,8.53182757291689e-24
2650110.2,8.51008756092206e-24
2652046,8.4884187770612e-24
2653981.8,8.46682093625283e-24
2655917.6,8.44529337623308e-24
2657853.4,8.42383657142218e-24
2659789.2,8.40244986247684e-24
2661725,8.38113296966278e-24
2663660.8,8.35988561456471e-24
2665596.6,8.33870752007871e-24
2667532.4,8.31759879115129e-24
2669468.2,8.29655839203811e-24
2671404,8.27558681135775e-24
2673339.8,8.25468301476407e-24
2675275.6,8.23384749461236e-24
2677211.4,8.21307959945719e-24
2679147.2,8.19237868076534e-24
2681083,8.17174523435035e-24
2683018.8,8.15117861306425e-24
2684954.6,8.13067855253494e-24
2686890.4,8.11024478962573e-24
2688826.2,8.08987706242871e-24
2690762,8.06957549417787e-24
2692697.8,8.04933905790712e-24
2694633.6,8.02916749432721e-24
2696569.4,8.00906131451124e-24
2698505.2,7.98901987980629e-24
2700441,7.96904293480475e-24
2702376.8,7.94912983938451e-24
2704312.6,7.92928072800129e-24
2706248.4,7.9094957344458e-24
2708184.2,7.88977383691667e-24
2710120,7.87011517348618e-24
2712055.8,7.85051988227974e-24
2713991.6,7.83098694322851e-24
2715927.4,7.81151649796449e-24
2717863.2,7.79210830298152e-24
2719799,7.77276211367498e-24
2721734.8,7.75347768878743e-24
2723670.6,7.73425517635591e-24
2725606.4,7.7150935590269e-24
2727542.2,7.69599259734734e-24
2729478,7.67655127098795e-24
2731413.8,7.65717319450697e-24
2733349.6,7.63785733945211e-24
2735285.4,7.61860424074262e-24
2737221.2,7.59941287209357e-24
2739157,7.58028376933729e-24
2741092.8,7.56121590982384e-24
2743028.6,7.542209832516e-24
2744964.4,7.52326451388979e-24
2746900.2,7.50438049826014e-24
2748836,7.48555676269634e-24
2750771.8,7.46679306998857e-24
2752707.6,7.448089967397e-24
2754643.4,7.42944682796139e-24
2756579.2,7.41086341751685e-24
2758515,7.39233950297652e-24
2760450.8,7.37387485307739e-24
2762386.6,7.35546923536879e-24
2764322.4,7.33712242071498e-24
2766258.2,7.31883457433575e-24
2768194,7.30060468052438e-24
2770129.8,7.28243290717043e-24
2772065.6,7.26431942099174e-24
2774001.4,7.24626321040753e-24
2775937.2,7.2282644462798e-24
2777873,7.21032329903471e-24
2779808.8,7.19243875966155e-24
2781744.6,7.17461139619134e-24
2783680.4,7.1568405944936e-24
2785616.2,7.13912574044648e-24
2787552,7.12146780309734e-24
2789487.8,7.10386537922388e-24
2791423.6,7.08631864876262e-24
2793359.4,7.068827397087e-24
2795295.2,7.05139141054553e-24
2797231,7.03401047645658e-24
2799166.8,7.01668438310354e-24
2801102.6,6.99941291972963e-24
2803038.4,6.98219587653287e-24
2804974.2,6.96503304466128e-24
2806910,6.94792381765385e-24
2808845.8,6.93086878461164e-24
2810781.6,6.91386734275075e-24
2812717.4,6.89691928620643e-24
2814653.2,6.88002441080233e-24
2816589,6.86318251328265e-24
2818524.8,6.84639339130729e-24
2820460.6,6.82965684344734e-24
2822396.4,6.81297266918026e-24
2824332.2,6.79634066888505e-24
2826268,6.77976064383778e-24
2828203.8,6.76323239620673e-24
2830139.6,6.74675532648115e-24
2832075.4,6.73033004345294e-24
2834011.2,6.71395554661725e-24
2835947,6.69763204500207e-24
2837882.8,6.68135974627108e-24
2839818.6,6.66513765429272e-24
2841754.4,6.64896638138055e-24
2843690.2,6.63284493217976e-24
2845626,6.61677351806572e-24
2847561.8,6.60075235520243e-24
2849497.6,6.58478044636364e-24
2851433.4,6.56885800920651e-24
2853369.2,6.55298525998407e-24
2855305,6.5371612057376e-24
2857240.8,6.52138646910257e-24
2859176.6,6.50566005781768e-24
2861112.4,6.48998259710883e-24
2863048.2,6.47435309539289e-24
2864984,6.45877218047209e-24
2866919.8,6.44323926758458e-24
2868855.6,6.42775376938582e-24
2870791.4,6.41231631838744e-24
2872727.2,6.39692592452406e-24
2874663,6.38158322207217e-24
2876598.8,6.36628722157777e-24
2878534.6,6.35103856062662e-24
2880470.4,6.33583665591412e-24
2882406.2,6.32068092618915e-24
2884342,6.30557201290097e-24
2886277.8,6.29050933427741e-24
2888213.6,6.27549231058821e-24
2889181.5,6.26800122291785e-24
2890149.4,6.26026046737732e-24
2892085.2,6.244814979659e-24
2894021,6.22941832264751e-24
2895956.8,6.21406990237927e-24
2897892.6,6.19876912699349e-24
2899828.4,6.1835166327199e-24
2901764.2,6.16831141889605e-24
2903700,6.15315412514172e-24
2905635.8,6.1380441610731e-24
2907571.6,6.12298134754102e-24
2909507.4,6.10796550540429e-24
2911443.2,6.0929964586801e-24
2913379,6.07807402980921e-24
2915314.8,6.06319804280521e-24
2917250.6,6.0483683224623e-24
2919186.4,6.03358469435146e-24
2921122.2,6.0188469840243e-24
2923058,6.00415460629306e-24
2924993.8,5.98950821571249e-24
2926929.6,5.97490722654141e-24
2928865.4,5.96035105507874e-24
2930801.2,5.94584035895228e-24
2932737,5.9313745562641e-24
2934672.8,5.91695306237875e-24
2936608.6,5.9025765395564e-24
2938544.4,5.88824440732636e-24
2940480.2,5.8739560816634e-24
2942416,5.8597122310303e-24
2944351.8,5.84551227395629e-24
2946287.6,5.83135562858186e-24
2948223.4,5.8172429671597e-24
2950159.2,5.80317329116016e-24
2952095,5.78914727448374e-24
2954030.8,5.77516392140088e-24
2955966.6,5.76122390584788e-24
2957902.4,5.74732623328147e-24
2959838.2,5.73347116121932e-24
2961774,5.7196589512048e-24
2963709.8,5.70588860853971e-24
2965645.6,5.69216039353248e-24
2967581.4,5.67847457051463e-24
2969517.2,5.66483014539603e-24
2971453,5.65122780153512e-24
2973388.8,5.63766654516098e-24
2975324.6,5.62414664361778e-24
2977260.4,5.61066836343964e-24
2979196.2,5.59723071140328e-24
2981132,5.58383437910921e-24
2983067.8,5.57047837119573e-24
2985003.6,5.55716295955796e-24
2986939.4,5.54388841768845e-24
2988875.2,5.53065417328832e-24
2990811,5.51745965679418e-24
2992746.8,5.50430556440529e-24
2994682.6,5.49119090473643e-24
2996618.4,5.47811637630572e-24
2998554.2,5.46508098794716e-24
3000490,5.45208544048794e-24
3002425.8,5.43912874215384e-24
3004361.6,5.42621117382638e-24
3006297.4,5.41333301552673e-24
3008233.2,5.40049327585465e-24
3010169,5.387692238284e-24
3012104.8,5.37493018541878e-24
3014040.6,5.36220612619935e-24
3015976.4,5.34952034585222e-24
3017912.2,5.33687313198609e-24
3019848,5.32426349140321e-24
3021783.8,5.31169171268803e-24
3023719.6,5.29915765802756e-24
3025655.4,5.28666161756019e-24
3027591.2,5.27420260096167e-24
3029527,5.2617808976863e-24
3031462.8,5.24939680119676e-24
3033398.6,5.23704932140225e-24
3035334.4,5.22473917889871e-24
3037270.2,5.21246538448686e-24
3039206,5.20022866097966e-24
3041141.8,5.18802801841593e-24
3043077.6,5.17586418428197e-24
3045013.4,5.16373616619641e-24
3046949.2,5.15164469467073e-24
3048885,5.13958877735145e-24
3050820.8,5.12756914612227e-24
3052756.6,5.11558481111628e-24
3054692.4,5.10363650393213e-24
3056628.2,5.09172323553105e-24
3058564,5.07984573968797e-24
3060499.8,5.06800302735559e-24
3062435.6,5.0557663231014e-24
3064371.4,5.04356645659422e-24
3066307.2,5.03140372314246e-24
3068243,5.01927798640558e-24
3070178.8,5.0071895440919e-24
3072114.6,4.99513739516041e-24
3074050.4,4.9831218365991e-24
3075986.2,4.97114273522405e-24
3077922,4.95919995759687e-24
3079857.8,4.94729380554637e-24
3081793.6,4.93542327761247e-24
3083729.4,4.92358867653221e-24
3085665.2,4.91178987197086e-24
3087601,4.90002673165691e-24
3089536.8,4.88829956230921e-24
3091472.6,4.87660736279287e-24
3093408.4,4.86495043987374e-24
3095344.2,4.85332866516099e-24
3097280,4.84174191081098e-24
3099215.8,4.83019048670785e-24
3101151.6,4.8186733927944e-24
3103087.4,4.80719137587874e-24
3105023.2,4.79574343669333e-24
3106959,4.78433032423918e-24
3108894.8,4.77295103835191e-24
3110830.6,4.76160633273334e-24
3112766.4,4.75029520463088e-24
3114702.2,4.73901797048672e-24
3116638,4.72777494829715e-24
3118573.8,4.71656513527285e-24
3120509.6,4.70538929045168e-24
3122445.4,4.69424641346073e-24
3124381.2,4.68313726297617e-24
3126317,4.67206083850577e-24
3128252.8,4.66101790340744e-24
3130188.6,4.65000745452936e-24
3132124.4,4.63902981542338e-24
3134060.2,4.62808531034014e-24
3135996,4.61717293769558e-24
3137931.8,4.60629302249505e-24
3139867.6,4.59544544828228e-24
3141803.4,4.58463009909029e-24
3143739.2,4.57384685943906e-24
3145675,4.56309561433315e-24
3147610.8,4.55237624925941e-24
3149546.6,4.54168865018463e-24
3151482.4,4.53103270355322e-24
3153418.2,4.52040829628498e-24
3155354,4.50981531577283e-24
3157289.8,4.49925364988043e-24
3159225.6,4.48872318693999e-24
3161161.4,4.47822381575006e-24
3163097.2,4.46775542557323e-24
3165033,4.45731790613397e-24
3166968.8,4.44691114761645e-24
3168904.6,4.43653504066226e-24
3170840.4,4.42618992319682e-24
3172776.2,4.41587479335464e-24
3174712,4.40558998972378e-24
3176647.8,4.395335853267e-24
3178583.6,4.38511138009766e-24
3180519.4,4.37491691182683e-24
3182455.2,4.36475234223776e-24
3184391,4.35461756555412e-24
3186326.8,4.34451292541567e-24
3188262.6,4.33443741920871e-24
3190198.4,4.32439139119926e-24
3192134.2,4.31437473735141e-24
3194070,4.30438735405915e-24
3196005.8,4.29442913814442e-24
3197941.6,4.28449998685512e-24
3199877.4,4.27460024866104e-24
3201813.2,4.26472892030614e-24
3203749,4.25488635171772e-24
3205684.8,4.24507243924166e-24
3207620.6,4.23528708481091e-24
3209556.4,4.22553018732502e-24
3211492.2,4.21580209934268e-24
3213428,4.20610227052711e-24
3215363.8,4.19643105420314e-24
3217299.6,4.18678790025175e-24
3219235.4,4.17717316382988e-24
3221171.2,4.16758629395188e-24
3223107,4.15802719322784e-24
3225042.8,4.14849622155192e-24
3226978.6,4.13899236912656e-24
3228914.4,4.12951599694237e-24
3230850.2,4.12006700745088e-24
3232786,4.11064530610747e-24
3234721.8,4.10125033815416e-24
3236657.6,4.09188200842938e-24
3238593.4,4.08254114064804e-24
3240529.2,4.07322626132882e-24
3242465,4.06393773543307e-24
3244400.8,4.05431530551522e-24
3246336.6,4.04472047600966e-24
3248272.4,4.03515360366736e-24
3250208.2,4.0256150495521e-24
3252144,4.01610379209485e-24
3254079.8,4.00662111244114e-24
3256015.6,3.99716599110887e-24
3257951.4,3.98773924798905e-24
3259887.2,3.97833986443076e-24
3261823,3.96896820318133e-24
3263758.8,3.95962416522443e-24
3265694.6,3.95030811111366e-24
3267630.4,3.94101948478973e-24
3269566.2,3.93175864825882e-24
3271502,3.9225245878253e-24
3273437.8,3.91331812342286e-24
3275373.6,3.90413916000845e-24
3277309.4,3.89498668466801e-24
3279245.2,3.88586152001e-24
3281181,3.87676311271924e-24
3283116.8,3.86769136862523e-24
3285052.6,3.85864619481751e-24
3286988.4,3.84962795431022e-24
3288924.2,3.84063563956136e-24
3434109.2,3.2351336991416e-24
3637368.2,2.54936374625109e-24
3853209.9,1.98414671723003e-24
4081634.3,1.52919976768793e-24
4113575,1.47442595848156e-24
4323609.3,1.16795258552311e-24
4580102.8,8.85371701517623e-25
4851114.8,6.67206567923628e-25
5138581.1,5.00008463321261e-25
5284734,4.33546058389444e-25
5442501.7,3.7332380569893e-25
5765780.3,2.77534583328349e-25
6107449,2.06005772890064e-25
6468475.7,1.52784199219871e-25
6784979.00000001,1.19159819050616e-25
6851764.1,1.1324749910832e-25
7258282.1,8.39426191574759e-26
7688029.7,6.23343993929678e-26
8143910.6,4.63849559772866e-26
8626892.7,3.46439053295947e-26
8711100.00000001,3.29955597495974e-26
9137943.89999999,2.59349420325745e-26
9679000,1.94890937290897e-26
10250061,1.47316771877546e-26
10859838,1.11922630452933e-26
11227640,9.59269400000895e-27
11508331,8.5377989360217e-27
12185861,6.55091505248384e-27
12911786,5.0514809766759e-27
13676427,3.90712831770141e-27
14324920,3.16928389214051e-27
14479784,3.01426115258285e-27
15341215,2.30837432276293e-27
17209262,1.37926812816258e-27
18486890,1.01141147037926e-27
19309605,8.30147215151462e-28
21671281,4.96812074678951e-28
23713550,3.35068108835794e-28
24313648,2.9881123790374e-28
27275422,1.77585246957231e-28
30392060,1.09440184519443e-28
30604998,1.05950727055062e-28
34341092,6.24436017201767e-29
38532099,3.70245596423409e-29
39006370,3.50430441386153e-29
43236093,2.18330578522471e-29
48511148,1.29508431415442e-29
50137220,1.11686989761454e-29
54425017,7.6976726678047e-30
61074490,4.59504930704803e-30
64365350,3.64249975352202e-30
68517641,2.76372544266092e-30
76880297,1.67103992318146e-30
82658660.0000001,1.2213922087131e-30
86268927,1.01585001696916e-30
96790000,6.20968675076401e-31
106469000,4.1698181952699e-32
137158592.46,9.64115172154223e-33
176694597.34,2.21266531236133e-33
227626656.82,4.98165396274191e-34
293239920.29,1.060624465555e-34
377766240.13,1.87466661438567e-35
486657216.3,7.42702246050541e-37
626935931.2,3.02515536380092e-225
807650023.66,1.82283595146957e-225
1040454655.11,1.09836754199258e-225
1340365342.2,6.61831793499099e-226
1726725082.48,3.98793077090523e-226
2224452751.82,2.40296604765814e-226
2865650205.57,1.44793028232921e-226
3691672326.29,8.72464397477041e-227
4755795524.05,5.25711718842536e-227
6126651264.89,3.16772655028371e-227
7892655858.74999,1.90874394409881e-227
10167710906.52,1.15013183988525e-227
13098548305.98,6.93023040617412e-228
16874199217.5,4.17587664888498e-228
21738177989.24,2.51621487264809e-228
